mwqb9de0j0,2019-03-06 21:45:18,,year,-3300.0,4200.0,hgsa1ynuyy
3fqv09acq2,2020-05-31 23:27:00,2020-10-08 22:08:30,year,1600.0,6400.0,5xtefzgla3
i6sw78mi2q,2019-05-14 09:22:55,2019-12-22 01:43:00,year,0.0,600.0,hdka5listm
5kq6hqsuj0,2019-03-19 12:29:19,2020-11-26 17:13:04,month,-4200.0,4700.0,rnihz44bnc
zsbsgahlqn,2019-02-11 23:40:02,,month,1300.0,2800.0,pyoqdaw8ru
b4tp5i48pu,2019-01-30 18:32:09,,month,-2400.0,500.0,jg7664fvwq
1m8jk35moc,2019-08-29 03:44:29,2020-05-21 09:44:31,year,-2200.0,6700.0,ioq5tjrnfi
u4xdtyampv,2019-04-02 14:08:59,,month,3100.0,3900.0,xzy37fhp0x
57xdnr0te8,2019-12-06 17:23:06,,year,3700.0,8000.0,g0t0nbpgbw
dyhxyjgv4g,2020-05-08 18:31:04,2020-05-28 11:40:55,year,4300.0,2700.0,by1h27jq20
qcddsmurum,2019-03-20 21:12:19,2020-11-02 22:57:59,week,1200.0,4300.0,2q1kk2sw4c
ikx6iagbrg,2019-03-08 06:57:13,2020-10-14 13:57:20,,1600.0,10000.0,zkd62876am
u341bhmkat,2019-03-22 05:11:43,2020-10-26 05:27:38,,2600.0,8600.0,kpncd6e2p2
1gj5pacel9,2020-04-28 17:02:38,,half-year,2200.0,8100.0,35mhmuxl6w
kzwp3bie6h,2019-01-11 15:24:47,2020-01-15 05:34:29,week,-1500.0,7000.0,ncxeaok27e
gmfvvd2aed,2019-04-12 12:05:13,2019-10-24 20:08:19,year,-600.0,2300.0,j2zl01lp3v
mpccdetg6s,2020-02-28 08:50:16,2020-07-03 22:30:15,,-400.0,100.0,zrlv37c1w7
0m0sny4qbr,2019-03-31 02:22:18,,week,-500.0,9700.0,74615y5txt
uuv2m8lbsf,2019-06-19 22:04:56,,quarter,3400.0,2400.0,x18la0iiyx
pteo0z2lj9,2020-01-27 07:43:46,2020-12-16 23:57:37,week,2600.0,7000.0,6dooeuwhsa
zymue4jrzx,2019-07-14 13:29:43,2020-06-23 15:56:40,quarter,-3800.0,2000.0,s2hit8p6v0
l3cjtcd9f0,2020-03-30 03:06:14,2020-12-01 17:15:39,year,-1200.0,9000.0,noztufx0bh
adyp2azpkm,2019-11-02 00:06:52,2019-12-11 09:21:28,quarter,-1700.0,1400.0,73x48wsfo4
96v85w3rmw,2019-03-06 16:57:46,2020-10-25 18:42:28,week,300.0,900.0,30szhlfltw
l2szampbbn,2019-09-28 12:06:54,,half-year,-3700.0,1400.0,dsc2oobaw1
3r5ihop8ut,2019-11-17 05:28:11,,half-year,-1500.0,5700.0,xucebxvdis
68qjddauac,2019-07-02 02:25:32,2019-08-22 18:12:48,year,-400.0,5200.0,9brupbdcbo
2aelz59ol5,2019-01-30 17:53:12,,week,700.0,5800.0,rexp7sjtrc
rnwu2g3bva,2019-02-21 00:48:48,2019-09-25 11:55:25,half-year,-4700.0,5800.0,h4aod2pgez
51jsn86jku,2019-11-13 13:21:35,,month,2800.0,5500.0,fyo2srp68i
htfo3n6avf,2019-09-14 15:34:28,2020-07-20 05:23:09,quarter,4300.0,2000.0,a7zfkpoju7
2fap0c3txf,,2020-12-08 18:20:57,,700.0,7700.0,xy5zghykdo
dwnidh13hw,2019-01-10 04:01:37,2019-11-28 08:03:32,quarter,-3700.0,1800.0,ghkz0ofcz3
wiwynjibrr,,2019-11-20 21:14:48,,2700.0,6700.0,xwjw47dmql
upg69k1osv,2020-06-28 06:48:19,2020-11-09 09:19:35,week,3600.0,9700.0,zf9poy3pkw
xycn3zgc2b,2019-02-19 14:23:59,2020-06-16 14:20:52,month,1600.0,9700.0,wl4u4wp50b
09wzug3gtz,2019-04-13 01:50:36,,month,100.0,3300.0,5v8e22wh2w
q0nueiotvd,2019-05-20 19:32:39,2020-07-07 01:52:45,half-year,1400.0,1800.0,y81p27fb0k
bjf51tezj9,2019-11-01 13:41:20,2020-02-14 00:27:33,,-1100.0,4000.0,62j5wonoww
uzahk4gr4s,2019-08-19 09:31:33,2019-12-26 22:42:57,,5000.0,8500.0,lg7ctbpvlh
l0fc9oe81o,2019-01-30 16:46:29,2019-09-11 10:12:50,year,1700.0,9600.0,789385assr
f9ngzlli13,2020-04-08 13:20:08,,month,4600.0,2600.0,98e4ui8jnc
qmngc35zw8,2019-03-29 05:16:56,,quarter,-4900.0,8900.0,8vzjln04gj
vf7ekw5rtv,2019-08-25 22:35:19,2020-06-30 20:11:06,,-2200.0,100.0,0reaos9be6
2auzk13fmt,2019-10-19 20:25:30,2020-07-19 15:10:44,week,1200.0,7000.0,d1thpjf5y7
lho1rir7yu,2019-04-03 01:17:13,2020-12-19 22:19:54,month,4400.0,5200.0,2q1kk2sw4c
0f89k5f16f,2020-05-23 16:21:35,2020-08-11 01:05:22,,-4800.0,10000.0,rikye9y0cp
dvh232fq6w,2019-07-10 04:50:46,,half-year,-3500.0,9300.0,axf3smv3z5
oro63hwrnf,2019-01-20 23:34:23,2020-12-05 20:30:57,half-year,-2800.0,5400.0,hy0wxfqqja
6jtattag0a,2020-05-26 19:57:19,2020-06-04 17:38:08,month,-3200.0,7500.0,98e4ui8jnc
5qohhgksag,2019-02-24 03:03:39,2020-01-21 14:18:56,month,-4200.0,4600.0,y81p27fb0k
qplhbcv3sg,2019-08-31 06:23:02,,week,3800.0,8900.0,bldbc0id2b
jcl1nkdp7y,2019-05-14 02:07:05,2020-10-19 22:36:41,month,-1100.0,800.0,9rgt3m8q8y
oo1fwa6acu,2019-04-29 15:58:52,2019-06-01 03:25:45,,-3100.0,2900.0,bm5kgtsp3o
1gg90bbsl2,2019-07-07 02:07:46,2020-05-26 04:21:00,quarter,-2600.0,1000.0,mk2e1zrq1w
xsdazqd31n,2019-01-29 04:47:35,2019-12-19 11:01:29,half-year,-300.0,5800.0,vhgedn4gco
pyxfmmv121,2019-01-17 04:54:12,,half-year,-2300.0,1900.0,g7qgso7atq
mazngqoazb,2019-11-26 06:26:25,2020-07-06 20:00:44,quarter,4300.0,800.0,da0lezlz4k
1gs68nxrn3,2020-05-03 01:55:22,2020-12-01 23:51:21,quarter,4700.0,600.0,lz45mox4x8
cu93l3derb,2019-12-15 06:54:49,,year,-4200.0,300.0,m2qwuz01p2
ze5ub1olg4,2019-09-08 02:46:11,2019-12-17 21:36:59,year,-2400.0,5200.0,kwpczyghy7
3wvu4jwyuz,2020-03-11 18:10:12,2020-08-03 21:31:18,month,200.0,1300.0,h7bkri4uao
7bpttnrhxu,2019-08-07 00:52:44,2020-11-22 15:50:17,year,1300.0,7300.0,ram2xz922y
umc7ywsgv5,2019-03-18 05:45:26,,quarter,1500.0,700.0,fs6ydwn3m3
i1fgzrwn9b,2019-01-03 09:39:06,2020-10-15 11:59:42,month,-4700.0,2400.0,k3xpiht56d
h258yeoq41,2020-11-25 08:56:16,2020-12-19 13:13:16,week,-3600.0,6600.0,un3agzhqd6
tqzx394qtd,2019-03-22 17:56:04,2019-09-16 10:59:24,week,1600.0,1200.0,jduu15c98v
qugqo0m6vb,,2020-09-12 02:50:34,,900.0,4900.0,fkc04lod5n
lg23uxubmn,,2020-08-06 23:12:14,,2700.0,2300.0,gllh8kysgp
a3gmxbjexg,,2019-08-24 11:05:31,,-4700.0,5600.0,m2ky3kkes0
ni7hrwb4uw,2019-02-26 13:54:37,2020-04-05 13:18:29,year,4400.0,7600.0,24nlwpf85n
7iqdojn1zx,2019-04-13 21:21:09,2019-11-09 07:16:06,month,4800.0,9700.0,xgblho40k6
meue91i4rr,2019-06-17 11:17:28,2020-12-30 03:58:51,month,1400.0,3600.0,ghqs8s76vb
srafjziuni,2020-05-10 06:55:14,2020-05-12 06:54:10,half-year,3000.0,1400.0,v3e0hmgg7b
qfiegvaxe5,2019-05-17 03:48:55,2019-11-20 13:00:13,month,-3200.0,5900.0,pewatlnb83
dd3x19uqtg,,2020-03-28 05:50:03,,1500.0,500.0,qm54q6zi5r
6vm9yvwqc5,2019-10-04 01:05:48,,year,-1600.0,1500.0,l4lntyjkdk
ox3oo4bcwo,2019-04-19 17:26:02,2020-07-10 06:55:09,month,3900.0,6600.0,hpfq2xcz1r
8bzx2jp2mt,2019-04-18 04:13:57,2020-08-14 11:14:31,half-year,3000.0,1200.0,fps6ob0f7o
y2qgc18ati,2019-09-10 09:59:45,2020-05-25 10:31:37,half-year,600.0,3400.0,voj7tdmr0q
7538upadob,2019-10-14 23:24:03,,week,3300.0,8500.0,8j6yfp309u
oilmj49uv2,2020-08-22 10:16:53,,year,4400.0,7200.0,b9947kbbbs
6n2zaw66m9,2019-07-13 12:09:53,,half-year,1700.0,6600.0,r40spkjcxx
dkxr6egx7v,2019-04-05 17:42:11,,quarter,1300.0,3200.0,kh3t9p07rb
c5jkec1t04,2019-09-09 23:22:36,,year,4500.0,500.0,xul5evwzbn
ob2w1gnuyq,2019-12-10 07:46:12,2020-11-18 11:41:06,,2400.0,700.0,3crg2b9ks8
sptsl1soj4,2019-03-06 23:18:07,,year,-2500.0,9300.0,5rhhoocgud
lkpse1agnh,2019-01-12 05:47:39,2019-08-22 19:29:44,year,4500.0,2300.0,1h9cx0phg9
96cthl36vy,2019-07-09 19:54:15,2020-05-12 03:16:07,month,-3000.0,2300.0,43me4hq3p1
c732bma1ty,2019-07-19 04:45:57,2020-04-12 22:38:42,quarter,-1900.0,3900.0,kpwae9a5zf
w89sdpwr09,2019-08-10 02:56:58,2020-08-11 13:37:12,year,4300.0,5100.0,7uo6pqb6ku
fpm0628fg8,2020-08-16 19:51:54,2020-09-28 11:53:17,month,-3600.0,9200.0,fe10c5044i
rrfrf1by64,2019-09-04 17:04:19,2020-08-17 00:13:27,quarter,2000.0,10000.0,9985mpxd27
hz003rvqeg,2020-03-05 18:47:05,,month,5000.0,800.0,s2hit8p6v0
24dlepkl13,2019-06-12 07:00:33,2020-08-02 22:32:15,quarter,-600.0,5000.0,2yl4aufuzr
830ptdso90,2019-03-17 15:53:36,2019-07-18 08:27:54,year,-4800.0,6200.0,kkvtu98svn
wl57a941lj,2019-11-12 02:15:53,2020-10-30 11:50:31,week,2900.0,2400.0,hwvf4nt793
68q33v1le7,2019-06-05 18:29:17,2020-07-07 21:46:31,year,-4900.0,7800.0,u5b8mtvpky
wp4thbbr06,2019-05-17 01:51:03,,week,-4000.0,8500.0,910496k6sv
3i5wwxznip,2019-02-26 05:45:24,2019-06-10 13:17:57,week,-1000.0,7700.0,optq11rsib
3jyix61gpv,2020-03-07 06:58:09,,quarter,1400.0,3800.0,ytqbpxvfz5
3v4iboo88e,2019-05-15 22:35:49,,half-year,2500.0,5300.0,6l7h2nluka
plo5626egj,2019-01-23 19:38:41,2019-05-25 04:10:51,year,-1600.0,7200.0,x8euf87c6y
gfqpdc7o6j,2019-06-19 01:42:34,,week,-3700.0,800.0,x7ezbkifby
v8hud9cbiu,2019-11-26 17:51:04,,half-year,-1000.0,1600.0,k1ozwr09y3
wy7dfd9oyp,2019-02-22 01:35:24,2020-12-18 04:57:32,year,3700.0,3300.0,kktp6cz8hx
l50usu2m2o,2020-07-29 06:58:38,2020-12-21 00:12:31,,3900.0,2300.0,2187et43ep
ehd93lcek6,2019-02-05 07:34:13,,week,1100.0,10000.0,gm8ry42ly4
06ipkfxxsq,2019-08-04 20:30:53,,half-year,-800.0,3800.0,nd59fieoek
0w2bkv7209,2019-01-30 15:32:10,2019-02-07 14:37:08,month,1500.0,6200.0,fgpcmhjifx
g8jz9dqoju,2020-08-12 18:44:01,2020-09-21 01:16:42,quarter,900.0,3600.0,ygh1foj9yn
02ysu4qiww,2020-07-26 18:12:42,2020-09-19 13:20:39,month,3000.0,700.0,3kdpdzk060
0fdfkjxyad,2019-02-13 07:16:21,2020-06-01 08:13:26,week,-3100.0,7700.0,bklqrgzt06
ahpwrym177,2020-07-13 05:41:21,,month,-2800.0,1000.0,gwe7rm4zmf
28luiy59u8,2019-03-26 02:03:44,2019-09-24 13:04:16,quarter,600.0,8400.0,4b3vw73g7v
b3sjd061ag,,2020-08-25 06:03:49,,0.0,9700.0,3njlj83g9k
xj3j073z2g,2019-04-16 02:36:27,2020-01-01 03:00:21,quarter,900.0,6900.0,fxo7dyzz7l
c5qgzp1s5d,2019-08-07 09:37:34,2020-06-09 01:59:00,week,2200.0,3700.0,fqtakbabkq
22ifn77yrj,2020-05-13 01:21:31,2020-12-06 13:00:38,week,1000.0,3900.0,snhg06bl4r
qfn07vjn6g,2019-08-27 04:45:56,2019-11-09 20:19:51,week,-4800.0,6100.0,9h1ur140ub
arwslr099g,2019-01-14 10:29:34,2019-08-24 09:48:59,week,-100.0,400.0,6gas2hnzr2
sop9g7xx9o,2020-02-09 10:05:56,2020-07-20 10:01:36,quarter,3700.0,9700.0,9s1mtboklq
d4irsii251,2019-01-20 21:42:24,2019-05-10 02:45:47,half-year,4500.0,3100.0,um3jfm8n3o
d284w28ioi,2019-06-27 14:46:47,2020-04-26 05:18:28,month,-2400.0,6100.0,7w5gnttm26
mizbuwdrjb,2019-01-09 01:18:30,2019-07-28 09:42:15,,2200.0,6900.0,2187et43ep
qb3owcpt8l,2019-02-13 07:35:40,2020-11-04 04:14:56,quarter,-1800.0,400.0,3njlj83g9k
2z1nx23ihd,2019-04-27 19:22:16,,month,-3900.0,8200.0,8lb9fr1fxm
lgnco3e42c,2019-12-07 16:21:30,2020-03-22 10:55:15,quarter,-400.0,1500.0,sf44jljo0t
8549uialxc,2019-11-11 09:30:38,2020-11-12 17:46:00,quarter,-4900.0,3900.0,w7r02po1wx
hymd5b32yr,2019-06-05 01:13:23,2020-01-19 07:13:07,week,2600.0,7300.0,8gjzto4xzt
y4636cqphj,2019-04-20 17:22:57,2019-10-13 10:31:22,half-year,1400.0,5300.0,v3ims5c81x
w5mnxee0li,2020-03-04 08:27:41,2020-08-22 13:03:09,week,-800.0,6200.0,t9if190vzm
n9e0784vj5,2019-06-19 09:23:12,2020-12-12 19:17:02,month,1700.0,2000.0,fexw0vi18k
9ozj28qokk,2020-07-30 14:25:17,2020-08-06 23:37:26,year,2100.0,7100.0,oc8ebhmhzf
n01vbf0p0o,2020-10-03 20:12:39,2020-10-27 11:57:01,half-year,4200.0,500.0,y81p27fb0k
la4t85wwvi,2019-04-30 11:49:05,,year,-3000.0,1200.0,ccjk4fib9i
7mv8hj2osv,2020-11-20 21:33:50,,month,4900.0,7100.0,jioaxlotsi
dm4lf6szr2,2020-05-18 13:24:47,2020-07-08 00:25:30,half-year,2800.0,2000.0,vvaejxw1bx
q4xo2g6uek,2019-04-17 11:42:11,2019-06-23 09:08:54,half-year,3100.0,7500.0,jlrr5ofwfg
6e7qovbngu,2019-07-05 11:29:21,,year,4400.0,8900.0,gm8ry42ly4
wlpg8040lr,2020-04-18 20:04:49,,year,-3300.0,9700.0,op09n0ea0z
wkx4fv1dbk,2019-05-30 21:46:48,2020-07-19 01:30:49,quarter,4100.0,9700.0,rs2xikhhyz
r5eiaoprf6,2019-04-28 13:14:01,,year,-1200.0,500.0,6ufidujls0
d5baqomlzu,2019-01-15 17:06:54,2019-04-12 11:52:49,quarter,4900.0,6900.0,7zpbswbqx1
i9vqz0tvgi,2020-03-16 10:40:16,2020-03-19 07:14:09,quarter,-200.0,6600.0,ry9k9k65ni
xxdshpgumw,2019-01-20 03:45:27,,month,-3800.0,8400.0,arwv19n5lb
fuychuq1kc,2019-12-29 12:29:21,2020-04-16 21:39:53,year,900.0,3100.0,l1gi7zgcq9
depb4rrlcc,2020-02-24 13:56:57,2020-10-20 12:50:31,,3900.0,3800.0,jbh1pcrqyh
ljajich852,2019-12-27 15:10:43,2020-04-30 00:00:39,,-1000.0,7800.0,oc8ebhmhzf
qgnhpz0qyr,2019-10-10 19:22:39,2020-07-14 06:53:45,quarter,1000.0,5600.0,b4jnvdf67q
jnauti8xc4,2019-02-02 21:09:52,2020-02-09 19:08:22,week,-3800.0,3200.0,viptkzfon2
jsoidvazco,2019-10-26 11:23:24,2020-12-14 02:37:44,quarter,-3900.0,4200.0,8mo1z2wuhp
i46zruhlq7,2020-01-22 12:07:44,2020-05-17 13:28:01,year,2200.0,2100.0,94a37zrb2l
3sv5fxliq9,2019-05-03 01:53:52,2019-10-29 21:55:17,half-year,2200.0,4000.0,0tkfg3bski
qxfah94x1q,2020-03-01 21:51:35,,half-year,3900.0,1900.0,a1yy40ujan
k2tsthfxwe,2019-01-11 14:52:35,,quarter,3800.0,5700.0,qpusng7824
h3af57c1rb,2019-09-01 10:39:50,2020-06-14 11:46:05,year,1300.0,5200.0,zi9t0z8d28
e3hskz33u1,2020-01-24 14:13:14,2020-12-21 11:25:02,month,-3000.0,1600.0,30szhlfltw
7dhsn108c7,2020-05-27 14:59:59,,quarter,2200.0,2500.0,vrbpk2s7u7
npj1yqujhv,2019-09-29 19:28:54,2020-12-13 21:54:20,,-3100.0,1300.0,d0ky6yny87
1krobt9tge,2019-10-12 00:20:28,,half-year,0.0,4000.0,9ugwc3xs6i
f0ssvei4dw,2019-06-15 06:04:24,2019-12-25 12:48:43,half-year,600.0,1800.0,ff1ut500wz
wy08xzfwiu,2019-05-11 05:10:34,2019-08-15 07:48:25,year,2500.0,4200.0,qln7b6tia7
g9p048hlin,2020-04-25 10:59:31,2020-06-17 08:11:23,quarter,1000.0,1500.0,yjibelcux7
roqsf0aowb,2019-05-13 07:19:01,2019-11-12 11:55:05,month,-4900.0,3500.0,6d3km5eiyg
pex7wtcqs2,2019-07-27 17:25:56,2019-11-20 22:54:08,year,4600.0,800.0,wa7okl6kr1
y7ig04c9d9,2019-02-06 23:51:09,,half-year,1300.0,8100.0,r3dgcodd20
zk6znu5mzc,2020-07-22 09:10:27,,year,3400.0,2500.0,sjda8e1x3d
rv181d0xrn,2019-11-11 19:12:27,,week,500.0,1600.0,bfqahwxjqi
xoaf94vhr1,2019-06-14 15:29:13,2019-06-24 23:18:24,month,2100.0,3000.0,1rrr7adbqf
wrhwrmsfon,2019-01-20 05:11:43,2019-07-31 12:42:37,,-4000.0,4700.0,0rjzw36zhl
rr09th7xyz,,2020-10-08 10:03:27,,700.0,1600.0,visy5fpw5l
6mrzjvxd6d,2019-04-28 19:20:37,2020-10-10 08:13:16,week,1100.0,2700.0,r2kkanqzny
ot87tl4yt7,2019-05-01 01:55:08,2020-07-13 15:20:59,week,600.0,3800.0,daosnbtho1
i8na9u04hf,2019-04-07 12:07:52,2019-11-12 08:44:35,week,-1500.0,3300.0,ff1ut500wz
443h5bzxjs,2019-04-24 03:49:32,2020-12-31 21:42:25,quarter,4700.0,9800.0,4rgs5p9id1
7rbxfztupr,2019-03-09 10:03:02,2019-12-21 04:29:51,month,-4200.0,6700.0,b4prcuzg8d
nuuat7uox6,2019-03-29 12:24:39,2020-10-10 09:58:42,month,-500.0,400.0,9fr5vdow36
cg3g4ur8vs,2019-02-08 23:26:12,,week,-3900.0,4700.0,sg1qrhw68e
t3apupnhu9,2019-02-14 11:06:46,,week,2700.0,4200.0,fexw0vi18k
lcx06ityi2,2019-03-13 02:50:48,2020-12-07 09:27:51,,1200.0,6100.0,knzm93uzdr
8niubnrjpz,2019-06-25 13:41:58,2020-11-01 23:40:08,month,-700.0,900.0,dbalra58as
szm0k2d3bp,,2019-09-19 00:37:38,,3700.0,4500.0,v2zeufvutu
56ketmlpfi,2019-01-25 02:14:20,,month,2600.0,7900.0,g7qgso7atq
0s9dlwnfbl,2019-02-01 22:24:36,,half-year,2200.0,4500.0,7olpzseuat
c9yfo5x0oh,2019-06-04 07:34:19,2020-02-15 08:36:53,week,-2300.0,6900.0,9ugwc3xs6i
zez0yh472h,2019-04-14 15:22:32,2019-07-31 14:27:08,,900.0,3400.0,gtqaxbfqo6
pwjx25v2wi,2019-02-18 05:22:11,2019-06-13 09:38:06,year,4100.0,8000.0,z859coozxf
688h9394gr,2019-04-08 02:01:00,2020-09-28 15:32:40,month,1100.0,5500.0,99z5k15864
7hhwjq511y,2019-10-28 23:16:49,2019-12-05 19:59:04,quarter,4300.0,4000.0,x2wu0g8gxq
ati8vjvg7w,2019-11-05 00:13:48,,half-year,-4400.0,6700.0,eyyhgfcrhp
rnyefh4dhc,2020-08-14 02:36:25,2020-11-05 00:32:34,week,5000.0,3300.0,xzy37fhp0x
vycpj5z79a,2019-09-19 20:30:22,2020-08-09 19:53:07,week,1200.0,8400.0,347oad1bi5
uzz0gs4p48,2019-09-09 07:16:09,,quarter,-3300.0,5300.0,ly0ti6vbhr
gsw09wxuon,2020-02-26 16:37:23,2020-11-21 00:15:46,quarter,-2800.0,2800.0,02c4li45yc
vd508s5av3,2020-03-07 09:47:36,,week,400.0,7000.0,ic6yky3cq3
1yhwlm2p6n,2019-01-21 14:07:45,2020-04-18 22:37:52,quarter,-3400.0,1900.0,9bqutb5n7l
djcpjdcial,2019-01-29 00:37:52,2019-11-30 01:38:19,half-year,2400.0,2700.0,0llevokdal
s8zlpoxt1g,,2020-04-29 06:51:24,,-3900.0,3300.0,uyh6udedst
vibdq43zme,2019-05-21 06:37:33,,week,2000.0,4300.0,89w3fr3te9
bao3taz0el,2019-05-11 10:00:46,2019-09-09 17:59:40,half-year,1700.0,6200.0,9nck718xu1
r82z9kmc5p,2019-08-11 22:53:59,2020-08-29 05:26:07,quarter,3100.0,5500.0,2v705vr7t2
vy2ulnz4yy,2020-02-16 21:55:08,2020-06-09 13:42:59,year,-1600.0,4100.0,0rjzw36zhl
q355w4esm3,2019-05-13 22:22:05,,month,-2400.0,10000.0,jyc2h3udks
2lhtzlk8yd,2019-11-21 17:19:15,2020-01-02 16:14:35,week,-1200.0,3500.0,b76s1g3tvr
8znl4hlkvp,2019-02-25 06:00:17,2019-03-24 08:45:44,week,-3700.0,4700.0,zgytdrojyl
f44rq2juh3,2020-06-04 17:00:15,,year,-1400.0,2500.0,jpuom2s460
ctmds8nbun,2019-01-01 02:34:29,2020-02-28 22:15:10,week,-4400.0,7100.0,hmdxyqw7vi
cengidi305,2019-04-17 09:39:42,2019-09-09 13:54:22,week,4900.0,3400.0,q0dfv08qdd
qkitu7ohtk,2019-05-19 13:46:04,2020-03-22 02:50:04,week,3900.0,6600.0,dfx4pf5fxw
qyu2ice6ow,2019-08-24 07:11:12,2019-10-05 00:46:13,month,-1100.0,4300.0,zmbkd01v1y
b7qi0cckgh,2019-02-10 21:25:15,2020-04-09 12:08:36,,1700.0,2500.0,xvu5tfsxc7
tzz6harxl0,,2020-06-22 12:23:18,,3800.0,2500.0,5bi7d42nk1
h9vz1h5710,2019-11-05 14:57:38,,year,-3800.0,7500.0,1kck1ev84v
xvqphid81z,2019-05-07 09:24:26,2020-07-16 22:45:35,half-year,500.0,8700.0,1z9yugueao
54y9rytqc5,2019-01-28 02:46:18,2020-03-11 18:31:51,quarter,-1600.0,6200.0,d48oeklglb
908nrknhqt,2019-11-17 00:22:58,,week,-3500.0,8600.0,81lt8uppun
p724wm6jwg,2020-02-27 08:59:11,2020-09-21 10:19:16,month,3500.0,4600.0,gv23inmycl
kztgs1jq3f,2019-07-11 18:55:50,2019-12-17 15:09:51,,4200.0,5600.0,41e674znhq
tarhyl6id7,2019-08-29 15:38:58,2020-02-21 10:16:14,week,3300.0,8800.0,arrydkyrfq
3cxuae0e8t,2020-01-06 02:46:33,,month,-1000.0,4100.0,t37dmq3ebm
npehrdkg56,2019-07-22 04:37:54,,year,-4200.0,1900.0,gfvwg4cj7s
h7eksvbpdx,2019-04-17 07:27:59,2019-06-28 06:44:16,week,2400.0,9400.0,7smuolpliz
vw6xzd98s1,2020-02-16 02:53:02,2020-10-30 12:50:50,,1000.0,8600.0,538kh6meu2
yiw13vn2ob,2020-04-04 21:53:40,2020-10-28 16:42:15,month,3800.0,2000.0,l07dopgbav
ccf8ucze5m,2019-04-18 13:05:45,,half-year,-2300.0,1800.0,h30gvmya96
bq10ff1600,2019-07-16 22:02:41,2020-06-15 14:43:12,half-year,-2500.0,100.0,9ugwc3xs6i
1bj6snt3yv,2019-10-19 10:06:22,2020-10-30 00:36:50,quarter,4100.0,3700.0,arecl3srzx
pw1cgcvcbu,2020-08-01 20:09:19,2020-12-08 13:26:55,quarter,1700.0,1600.0,a1yy40ujan
mdl1ays76p,2019-04-26 23:51:47,2019-07-28 07:40:06,month,1300.0,3400.0,7zpbswbqx1
amtzlvsq6w,2020-05-30 12:36:47,2020-08-11 08:00:35,year,-4300.0,1100.0,ywyfm8dufg
7xjb4aj9h3,2019-06-04 05:07:22,,month,3700.0,2900.0,b9947kbbbs
yaldavs0gn,2019-07-17 06:50:45,2019-10-17 01:55:28,month,-200.0,8600.0,7d4d0lbaql
jp84peztuf,2019-09-05 03:32:08,2019-11-12 13:48:54,,600.0,7700.0,l5p0gq6al4
zzfl3y1ap6,2019-03-19 19:10:53,2020-10-30 04:25:40,,400.0,2900.0,ajgc4bo6o3
d2brqk5znp,2019-06-29 03:21:44,2020-04-13 17:41:02,quarter,1600.0,5100.0,4c35fb7wkv
1e0grovaik,2020-09-24 07:01:04,2020-10-03 10:49:41,week,2100.0,3500.0,51whmqqem3
ods80nadz2,2020-05-22 21:17:16,2020-10-28 20:35:31,half-year,1800.0,9100.0,ynwiihwkb1
c8946q3mwp,2020-03-18 04:44:04,2020-07-06 20:26:55,half-year,-4100.0,5700.0,li6hu9gkwq
ut7zm77x3e,2019-06-15 01:49:58,2019-10-18 13:41:01,month,-3700.0,7400.0,qln7b6tia7
bz0d8ojzm2,2019-11-23 12:01:12,2020-08-19 09:53:34,week,2700.0,3600.0,294lbwnt1e
ej1au02lhm,2020-07-08 04:39:26,2020-07-31 03:20:37,month,-2400.0,1000.0,1hk2r8pgpp
ojfep7ersm,,2020-12-03 12:48:38,,-4000.0,5700.0,ccjk4fib9i
c0kww1korp,2020-04-05 20:18:19,2020-12-06 13:07:08,,-3700.0,600.0,58dz2heqsi
px32yqansk,2019-05-06 04:03:17,,quarter,-400.0,3500.0,c6wuyx5xtm
3fn0a8es05,2019-01-15 20:34:56,2020-11-16 20:49:02,half-year,-1600.0,3000.0,i8zky31cw1
4cfeqlhdl5,2020-12-19 03:59:06,2020-12-29 23:45:20,month,-1700.0,6800.0,3c47pwb535
q3norcfqcx,2020-02-26 13:24:50,,week,-1300.0,2600.0,9r2olz4hrr
gnkkldtdgq,2019-08-23 21:46:49,,month,1600.0,7300.0,jtwms353tb
fetvy1nr0d,2019-06-17 23:16:12,2019-07-25 08:19:13,year,4800.0,1900.0,6gas2hnzr2
cuvenw553b,2020-05-15 15:16:34,2020-09-18 21:16:22,half-year,900.0,700.0,r3dgcodd20
7c9advdcqx,2019-07-15 04:33:13,2020-09-18 19:20:54,,-300.0,5100.0,i7h02wt4g2
qmpxkyvl4a,2020-11-27 15:38:12,2020-11-27 18:14:15,month,-100.0,8200.0,tnhqq25or9
936zxskwu3,2019-07-17 17:08:09,2019-12-11 02:24:50,,2700.0,4700.0,el07hh4p9d
0u93u28hev,2019-03-28 20:47:38,2019-08-07 16:34:58,quarter,1900.0,6100.0,9rgt3m8q8y
kvn30tbid1,2020-03-18 17:25:41,,half-year,3200.0,8200.0,fi4je1r3d8
7dp9mni70l,2020-07-18 09:05:33,2020-11-17 09:18:30,week,-4100.0,1100.0,cq19sbz7qx
qf5nlrna2p,2019-03-19 07:19:29,2019-07-29 05:01:22,week,1400.0,9200.0,20rsjjyg9n
3pafpgblet,2019-02-08 15:09:14,2019-06-04 08:49:50,,-2100.0,1700.0,2yn0dpljwk
3kqmx3ibk0,2019-01-05 08:27:39,2019-11-22 15:44:35,half-year,-1600.0,1400.0,7m61quoolc
wmrn63x4ln,2019-10-28 19:02:32,,month,300.0,1700.0,fxo7dyzz7l
p0ivcksa2e,2020-03-26 22:18:43,2020-03-30 01:00:45,month,-1300.0,3800.0,9bqutb5n7l
qwa5ivo3nm,2019-09-14 21:54:57,2020-12-17 07:32:59,year,-1600.0,6900.0,ghpfgx96ey
g5chtr987b,2019-10-19 21:15:56,2020-01-08 04:51:28,quarter,100.0,400.0,arrydkyrfq
4r50vqb76b,2020-09-13 19:31:01,2020-10-07 22:12:19,week,500.0,6400.0,3u69dfha5u
d9j36qgeoa,2019-07-01 00:41:18,2019-07-03 21:44:08,half-year,200.0,8600.0,6ufidujls0
msxqqyyqoh,2019-01-26 11:48:37,2020-08-20 02:58:32,half-year,4900.0,2400.0,xmcxm6r1b0
9pfjjhzlvk,,2020-06-23 05:11:19,,-4900.0,7700.0,prs6uts1gt
2fgzxi39s3,2019-06-19 03:52:13,2019-11-10 08:09:34,half-year,3300.0,4400.0,9g5suspox6
frcclyhrba,2020-05-29 14:56:32,,quarter,-1200.0,1700.0,zlrrc7wd6g
l4gj4iwufh,2019-06-14 23:46:56,2020-02-12 19:16:12,month,-1000.0,5100.0,yiya6c7c8k
9rqogszd6u,2019-02-13 03:06:36,2020-06-12 20:53:34,half-year,-4500.0,3900.0,oc8ebhmhzf
n0ntg8o50o,2019-10-07 16:46:17,,week,4800.0,3200.0,vymmxaxw6m
adf90rple5,2019-12-16 23:29:19,2020-02-12 04:44:13,half-year,0.0,4100.0,cwh9n5s7mf
xz5c5rw92u,2020-09-03 20:52:49,2020-11-29 05:41:51,week,-3600.0,8200.0,dnyhu57vss
dx4wgjtqxy,2020-01-10 23:53:14,2020-08-22 09:11:14,week,-1300.0,7400.0,qpusng7824
n6yn2i2od1,2019-08-09 06:40:34,2020-11-26 22:49:33,quarter,-1400.0,8600.0,z3cbueb73z
aq5xac4trk,,2019-03-06 04:46:46,,2000.0,10000.0,b2lwsq5a2k
klwihyo5yq,2019-05-15 11:46:29,2020-08-26 05:09:57,,-3600.0,2900.0,w8dqkcv6qo
xccnsdd054,2019-09-03 16:53:55,2020-07-31 16:56:10,week,-4800.0,4100.0,i1d609saoj
3u5rbs2bl1,2020-02-20 01:48:01,2020-04-24 01:15:38,half-year,5000.0,3100.0,jlrr5ofwfg
pmt9f8dwd2,2019-12-17 04:04:30,2020-01-15 09:44:18,month,3300.0,9200.0,zf9poy3pkw
2c10x5877j,2020-08-05 12:29:46,2020-11-10 10:05:57,month,-200.0,5600.0,0rjzw36zhl
48nfyi1h4u,2019-12-03 06:47:51,2020-03-26 06:50:54,,-2900.0,5800.0,bldbc0id2b
pw43oq2dzs,2019-06-19 03:34:53,2020-07-25 21:51:11,week,-300.0,4100.0,1rrr7adbqf
9a7jqgpkgc,2019-06-26 05:29:52,,half-year,-4000.0,6300.0,yogwzb9eov
n3wp5zijck,2019-09-20 18:24:46,2020-07-21 14:38:42,,-3600.0,7800.0,41e674znhq
tn0q50rttc,2019-04-28 13:10:30,,year,-3600.0,700.0,zfljph97tp
g22vq9gbdv,2019-03-27 16:43:30,2020-07-07 10:00:10,month,3700.0,8700.0,e1ns804yob
e8ri9v8iik,2019-10-22 17:11:09,2020-04-09 16:32:34,quarter,-3200.0,1400.0,t9if190vzm
o65m1esoef,2019-12-18 22:28:53,2020-01-26 02:21:00,year,-2000.0,1200.0,egf5kxtmji
mwlawkqb0l,2020-04-08 20:35:52,2020-11-21 16:00:37,half-year,-200.0,300.0,f306f1m90u
ilm97fhjma,2019-06-08 05:52:13,,month,800.0,9400.0,6boolnpqd0
epc2d7bnb4,2019-12-30 16:44:59,2020-08-10 07:37:52,week,1000.0,3400.0,sf44jljo0t
vavgibud4n,2019-06-08 11:12:52,2020-01-09 22:55:30,month,3200.0,4500.0,t75tledoby
wi7ddkn6ct,2019-06-04 03:28:55,,week,4300.0,9200.0,t4o7bpaz3c
93cv4m1ma1,2019-08-25 19:50:02,2020-10-30 10:23:26,year,-1700.0,1100.0,49q2ky3igm
g49hrm6j33,2020-10-29 00:59:56,2020-12-15 15:19:15,half-year,3400.0,1700.0,pfgmct1qf6
dv8bz0yzww,2019-06-07 15:02:04,2020-11-06 19:07:36,week,-1200.0,5900.0,fqtakbabkq
4gkecjt8rd,2019-06-17 16:46:27,2020-09-25 05:24:35,year,3300.0,2200.0,19aowzzp1r
t4ewqguyat,2019-11-08 15:54:36,,week,-3800.0,500.0,a1z3gi3669
2nyc9gkvp1,2019-09-15 11:57:29,2020-05-01 14:29:59,year,1900.0,2400.0,7uo6pqb6ku
ezuqsmyay9,2019-01-05 06:30:11,2019-11-14 10:52:51,half-year,-4700.0,6900.0,74615y5txt
frsy9t0ht5,2019-03-18 03:46:14,,half-year,4300.0,7600.0,b8384t82s3
ceswr5wruy,2020-01-20 02:17:18,2020-07-26 01:27:48,half-year,-2900.0,8500.0,9sdizcpgt5
ie8iqdc53x,2019-08-07 12:55:00,2019-12-24 17:46:30,quarter,-3600.0,4000.0,1fdne2keqx
qo0cvl890w,2019-05-29 06:21:34,2019-06-28 16:10:05,week,-1300.0,9600.0,jioaxlotsi
k05yv8mohc,2019-04-25 14:01:30,2019-05-25 19:53:00,half-year,-1000.0,8800.0,seduuobl4u
yxdz3uprcy,,2020-07-11 10:56:53,,-1400.0,600.0,7phvypzdaa
firx9vjbj2,2019-06-11 05:35:14,2020-06-24 19:10:48,month,1000.0,5000.0,9427qd9afz
y8ic6r91fk,2019-06-06 22:47:24,2020-12-23 05:16:37,week,-4200.0,2000.0,1qqkooc8yt
ezhy0xm97l,2019-10-10 02:38:26,,year,-4100.0,800.0,kpncd6e2p2
jeetn0fflh,2019-02-23 15:47:03,2020-10-12 06:48:17,half-year,600.0,7500.0,dbalra58as
4xb6pqz7kh,2019-04-18 04:19:37,,year,-4100.0,900.0,dnyhu57vss
y2xm7qinwt,2020-06-15 14:43:07,2020-09-08 09:07:20,month,3200.0,1300.0,mosu2r2h0s
c1ey4tukqa,2019-07-19 11:36:12,2020-10-30 15:17:51,month,-1500.0,8200.0,wskg2hnlrg
askw1lliwn,2019-04-03 06:46:41,2019-11-27 14:37:15,week,2200.0,5300.0,81gqeoetw1
ux10xp3pr6,2019-03-24 21:48:42,2020-10-28 07:53:20,half-year,-2200.0,700.0,da0lezlz4k
8pbd7jsyif,2019-05-13 01:25:34,2020-03-23 17:26:06,month,4400.0,5400.0,j61lx1ywn5
7zgzvlt98a,2020-05-25 04:14:16,,half-year,-3500.0,6500.0,1ex1a00wuv
jgfumbpbxy,2019-09-03 09:14:31,,quarter,4900.0,7300.0,bcrkm12ris
zq77o0hxdz,2019-04-20 23:13:25,2019-07-06 02:39:36,quarter,-1900.0,5400.0,9h1ur140ub
adoocdsqmq,2019-02-07 06:08:59,2020-12-28 17:31:57,half-year,-100.0,5500.0,zu5j4ocsdb
ny3blivelh,2019-06-11 07:28:18,,year,1600.0,2000.0,rubz47icfw
n3uwi6ryok,2019-02-10 12:23:43,2020-11-04 04:08:41,month,-1300.0,5800.0,u9cg8c1573
6ll6qmzrzd,2019-06-15 03:00:19,2020-03-09 19:51:12,month,3600.0,3000.0,6k2gha8pwt
kugq58u8rd,2020-02-03 01:46:30,2020-09-28 18:26:14,half-year,4500.0,7200.0,81lt8uppun
d5spffbxjf,2019-02-11 21:14:50,2019-10-29 07:39:19,week,1200.0,3400.0,mhnbb8q81h
dgbtoa0pa1,2019-06-12 10:20:40,2019-09-27 12:23:55,month,4500.0,7300.0,yvqwq27ct2
6ipksuvrqk,2019-03-22 15:30:45,2020-05-23 11:02:06,,-2400.0,1000.0,sfo4o5ngwp
e8gm3jhhzk,2019-04-27 18:56:37,2020-06-25 20:56:30,quarter,-4300.0,4400.0,z39m8088tc
skn8dpiawf,2020-04-08 09:33:01,2020-10-04 21:37:13,half-year,-1800.0,4400.0,stvlaskb22
lswezfqn4k,2020-03-25 00:56:01,2020-04-16 20:41:17,half-year,-4500.0,7500.0,vvaejxw1bx
5vk6s9t9oc,2020-03-07 00:56:34,2020-06-01 17:27:10,,4600.0,3200.0,mfvqtyru8w
e10eejg755,2020-01-16 03:33:15,2020-09-02 22:30:20,year,-400.0,9300.0,mk2e1zrq1w
ceehfnn6yt,2019-02-24 16:03:22,2020-02-01 08:47:53,,2100.0,5800.0,qyoymbpggx
rrk15pajis,2019-01-13 18:43:49,2019-06-19 07:10:06,year,2300.0,6500.0,vvaejxw1bx
txmt1pv8r9,2019-10-14 04:06:53,2020-11-26 05:11:35,month,-1400.0,5400.0,wf8qas7pkk
hp4am9p8jq,2019-09-13 14:53:29,2020-08-14 08:24:55,half-year,600.0,8600.0,ghkz0ofcz3
m42hnei9th,2019-10-09 05:08:36,2020-08-04 18:22:44,,-4700.0,4000.0,by1h27jq20
3rks66ryea,2019-02-05 00:18:26,2019-12-08 09:29:12,year,-2400.0,600.0,9hwsirqcwy
3nmho263nl,2019-07-19 16:23:47,,half-year,-700.0,3100.0,g0t0nbpgbw
n6u8wipme3,,2020-10-12 03:59:08,,-500.0,9800.0,brewaa3q21
9kmbjbcq1m,,2019-06-21 03:25:05,,-3300.0,6800.0,gx170jrbrb
b9ihch2on4,2019-02-04 20:35:58,2019-04-06 02:27:23,quarter,-1900.0,3400.0,rnihz44bnc
6j0bxiwghn,2019-03-04 17:12:23,2020-10-12 22:24:02,,4200.0,4700.0,cwh9n5s7mf
pfpynw8j69,2019-11-11 20:51:19,2019-11-25 20:51:06,quarter,1500.0,2500.0,qiiiow492w
tsswl2rqfm,2020-04-06 06:56:51,2020-11-29 16:58:19,year,-3400.0,2900.0,qq122000qg
6d794jgrmr,2020-03-22 14:02:31,,quarter,-3400.0,5700.0,kh3t9p07rb
c0hp53e7j1,2019-08-13 06:27:01,2019-11-03 19:46:11,month,-2800.0,5600.0,4vdk3omcrx
dkmp92j2ki,2019-01-24 14:49:25,,week,-2300.0,2000.0,qv7199smfe
oggm3tt3pa,2019-02-18 05:33:02,2020-09-20 06:20:40,week,4000.0,2200.0,ytqbpxvfz5
zd8q06h6uk,2020-02-24 23:58:57,,quarter,100.0,9800.0,cmyme6ns86
eaud3cvpw6,2019-08-18 04:17:30,,week,-700.0,1800.0,50imte8yfa
s0n01cqd9m,2020-10-28 09:26:31,2020-11-06 15:02:25,week,-900.0,4000.0,tx89yssf2o
llp8wiwus7,2019-02-14 01:22:40,,quarter,2000.0,1300.0,2q1kk2sw4c
yh1f4yxysg,2019-01-10 02:08:50,2020-07-07 12:56:27,,-1700.0,700.0,knxv036bk4
poh64961tt,2019-03-21 18:44:49,2020-09-25 10:32:31,half-year,1000.0,10000.0,oseyjtbg5e
bbxrbxm6w0,2019-03-23 23:00:08,2020-07-26 17:18:02,quarter,-1900.0,3300.0,bpp54v7lup
3cvi61pkyq,2019-09-24 22:50:40,2019-11-08 11:05:09,year,1300.0,7500.0,89w3fr3te9
mjxrb3j93a,2019-10-10 07:54:23,2020-03-16 11:52:26,half-year,2400.0,5700.0,yiya6c7c8k
9ewkx159xe,2020-05-10 03:25:19,2020-11-11 17:24:56,quarter,4600.0,800.0,mk2e1zrq1w
po38j9ic1c,2019-02-05 23:51:12,2019-02-09 06:50:51,month,3800.0,7800.0,hiufh0ekk6
4hkda1ijlo,2020-02-16 14:09:59,2020-03-23 15:41:22,month,3300.0,3800.0,bhn5sku44s
lmuq5zhtze,2019-01-10 22:15:08,2020-12-28 01:27:06,month,-1400.0,3200.0,rkl2ocfozz
c3r9ewbwfa,2019-06-14 04:15:17,2020-02-27 21:53:44,,300.0,7700.0,jdvpa9oc5u
z3hqx8gn7s,2020-02-03 19:13:12,,month,-2200.0,3300.0,w5zkhg74bk
1llubouhyy,2019-02-25 14:25:56,2019-07-27 14:03:32,half-year,4300.0,9100.0,yoednbj7bl
mv447cdppe,2019-09-24 13:21:05,2019-10-08 22:58:29,,2700.0,5100.0,gmx47gnkqv
s77u4700su,2019-06-20 02:09:42,2020-05-15 19:41:20,month,-1200.0,6400.0,4b3vw73g7v
h2ynunakba,2019-02-03 14:27:32,2020-03-29 03:34:02,half-year,1500.0,5400.0,xzy37fhp0x
zuhwgrvwf6,2019-02-23 19:18:13,,week,600.0,6800.0,zcwc4omusm
dhlo6t2yb7,2020-03-24 15:09:12,2020-05-01 06:10:28,half-year,-2100.0,2400.0,4i8od2ppoc
7zhdavttky,2019-09-20 01:39:24,2020-01-21 07:21:47,week,-2700.0,8300.0,2yib1wv605
zzxjrzdg31,2019-09-26 11:44:36,,year,-1400.0,9900.0,3qahen9ljw
h4nrd9qr8r,2019-10-04 17:15:55,2020-07-20 07:52:22,month,1100.0,3300.0,xmlzba1pdr
6wnqevsdmu,2019-01-13 16:43:20,,half-year,-1700.0,500.0,he06obafcj
ji2dnxag46,2020-04-24 23:02:53,2020-04-27 17:59:16,,400.0,1200.0,hwvf4nt793
j7anhmh2rk,2020-01-13 08:11:49,,year,1600.0,3500.0,kpncd6e2p2
pxx9u17fo7,2019-01-02 07:50:57,,week,-2700.0,8200.0,aggvq3dw70
4fdizgql69,,2020-11-10 22:51:07,,-100.0,4400.0,jopmeq0qal
1pcxez7rmb,2019-09-09 21:25:02,2020-07-19 19:21:17,half-year,-1500.0,4500.0,4uwqttlzps
whss1e5r1t,2019-01-07 13:21:18,2019-08-19 14:48:15,month,-1000.0,1300.0,8y9euyzpmn
7wvzgqcf08,2019-06-23 04:35:20,2020-08-26 18:34:51,week,-1900.0,7300.0,xvu5tfsxc7
y3n1cxpq72,2019-10-01 12:04:42,2019-12-31 18:21:25,year,1400.0,2900.0,xy2p7j6gy1
icfbwj0o24,2020-03-04 18:48:56,2020-09-25 14:27:13,month,600.0,7700.0,ulngyfnd28
2zo4p4ujyh,2020-01-08 22:34:54,2020-06-05 09:42:00,week,1600.0,9400.0,2pvm6yqtfc
x987rwuo2b,2019-01-10 08:06:00,,half-year,-600.0,2200.0,rubz47icfw
pr2zqrsjhn,2019-11-02 09:02:10,2020-04-16 05:29:52,quarter,-200.0,3800.0,5q8gome7dc
vpb6weo2ep,2019-02-20 18:14:21,2020-05-01 00:24:56,year,-3700.0,7900.0,8bow72n40d
n7pzhnbt20,2019-01-10 04:12:34,2020-11-26 15:13:43,quarter,-300.0,2400.0,ue2kw4qvc2
18pczliuev,2019-10-17 07:33:09,,year,-1600.0,1800.0,1hk2r8pgpp
346f2tutn2,2019-10-20 20:26:55,,year,4400.0,5000.0,8yse6xqsn4
11uy5exbkl,2020-06-30 00:25:38,2020-10-19 16:12:12,week,800.0,6300.0,m8n2ijch12
ktrz8bjktb,2019-01-21 18:12:53,2019-08-03 15:59:10,month,2500.0,9900.0,xjyqe0qmpx
z7ps2lfd3b,2020-06-24 23:58:50,,year,-2600.0,5000.0,yrx1bo4338
jc74rtqhk4,2020-01-09 11:26:59,2020-04-15 10:11:09,,2000.0,9600.0,g30nn28ud9
g2e3aew3pg,2019-05-13 00:03:45,,month,-4100.0,6300.0,0reaos9be6
u6qb3jmq0f,2019-05-03 08:49:53,,quarter,-2300.0,2000.0,qv7199smfe
i99kop770y,2020-04-10 23:56:09,2020-05-13 09:27:34,,-3000.0,2200.0,n9lubgpfvz
ye927rpa7m,2019-03-01 17:56:31,2020-12-26 08:40:32,,-100.0,3700.0,ybu07m6wpc
s23cadd8ue,2019-10-23 18:32:16,2020-05-24 11:44:12,week,-2400.0,2000.0,vrxrn8xma3
x549m96eod,2020-03-25 22:30:02,2020-05-05 08:51:11,,-2500.0,7900.0,cm2n7najp3
mfau5zpuo3,2019-04-30 05:09:15,2020-03-09 13:51:50,,-500.0,6200.0,2rkymfi845
1n8ktei2t3,2019-04-08 07:37:53,,half-year,600.0,3200.0,3aaw8fgcik
1oj78lo1ak,2019-12-07 19:17:52,2019-12-25 22:25:35,quarter,-4600.0,1300.0,u9hpmz0jep
3maykrg0hf,2019-06-28 19:44:05,2020-07-20 11:20:51,quarter,-3500.0,6100.0,799cehme0c
mj600h2sz1,2020-04-02 21:18:37,2020-05-11 18:34:32,,-1700.0,2300.0,kefcyhnlbn
h77qemu98h,2019-01-01 21:46:50,2019-01-18 08:23:19,year,2200.0,3000.0,kqrl9sbykp
jm29mahxw6,2019-03-25 03:01:40,2020-03-17 09:11:20,year,-2700.0,3400.0,l26uw2o289
njolq09zb4,2019-09-25 06:43:49,,year,1400.0,9200.0,789385assr
vzu7lex2gs,2019-12-21 05:02:57,2019-12-27 05:06:36,,100.0,5200.0,dlxylc0ysd
7ims4nm94y,2019-06-15 04:42:10,2020-11-19 18:01:45,month,4200.0,4500.0,pyoqdaw8ru
ucewoswe3g,2019-05-26 00:52:57,2020-09-01 05:59:39,month,600.0,4000.0,1pjaqo32nc
ef4rfqbpjw,2019-07-10 18:25:11,,quarter,4900.0,300.0,d48oeklglb
xboer3ts4q,,2020-03-09 00:59:03,,-600.0,6500.0,6ucpesq8vq
1b74wglef6,,2019-06-18 06:58:38,,-3300.0,3600.0,enq5bkke65
mn9zz9y1mp,2019-03-14 22:48:24,2020-11-03 02:09:36,week,3200.0,8200.0,py6u3kntiv
ta2rd35gcx,2020-09-17 14:06:11,2020-11-04 20:04:02,year,3900.0,7800.0,axf3smv3z5
tjglmkgrxs,2019-03-24 08:03:03,2019-09-09 04:05:54,month,-1300.0,900.0,7p41nou5i8
rda0rup2yy,2019-01-12 13:50:53,2020-01-29 11:29:58,half-year,-4900.0,300.0,7ffu2yz849
c4xtatx47d,2019-05-16 00:07:48,2020-11-05 12:32:17,month,-1300.0,8000.0,9pzucasz3d
hssd7oz3ei,2019-07-26 07:50:22,2020-07-11 16:28:55,half-year,-2700.0,3200.0,qv7199smfe
ezn0o5rdk8,2019-08-13 13:06:04,2020-09-24 10:00:03,year,-2300.0,900.0,xy2p7j6gy1
r3wqekb6u7,2020-06-15 12:15:59,2020-11-05 03:43:38,half-year,-4200.0,2800.0,rcislubes0
2nnzzut00q,2019-04-11 23:46:14,,month,3400.0,9600.0,wbhbp480vs
wkkboxw9q2,2019-01-18 18:14:41,2020-06-18 16:17:16,month,4900.0,700.0,wlgjajpy26
awghdl8lc6,2020-09-09 23:51:50,2020-10-05 15:43:12,week,0.0,5900.0,3aaw8fgcik
hp5dnlx2v6,2019-06-21 00:55:50,2020-08-17 08:43:24,,-2300.0,6500.0,yrx1bo4338
7boa0b5aki,2020-07-06 07:05:01,2020-07-23 23:54:57,half-year,-4600.0,2500.0,9g475svfnc
7v58cr0i4h,2020-09-09 05:58:38,2020-10-22 04:25:03,week,-200.0,7600.0,t4eth5dmgl
cyr89mlea4,2019-09-30 17:16:29,2020-02-21 04:55:43,half-year,-4700.0,9600.0,gmx47gnkqv
xsw9bgnqp8,2020-04-07 12:23:18,,half-year,-3400.0,2700.0,rwnymull5j
zdwq5bfeya,2019-08-08 09:43:26,2020-06-18 11:09:07,year,-4700.0,9300.0,uyh6udedst
c8m74kjigq,2020-02-05 21:01:00,2020-07-18 17:51:27,month,-2400.0,8500.0,l4oyam50zk
hpzbghgmqa,2020-05-12 14:06:32,2020-12-16 05:51:47,half-year,4300.0,6300.0,pete0y4qny
edvbe5as43,2020-01-08 13:26:04,2020-05-21 20:40:40,month,0.0,400.0,y78urnyvq1
40fikr9y0w,2020-04-19 15:03:50,,quarter,3200.0,9300.0,enq5bkke65
wx32kdk8bl,2019-06-08 02:32:33,,quarter,-2000.0,1300.0,fy9ykobzg2
aqs8ifb4xz,2019-02-24 20:05:06,2019-03-23 01:40:23,month,-1700.0,7600.0,74x594bq9c
cs1m5wpr7e,2019-01-26 11:12:58,2019-10-06 13:12:22,year,1000.0,1500.0,1wi3byzme5
jj924j420t,2019-01-23 18:44:26,2019-08-25 17:28:59,week,100.0,8500.0,jg7664fvwq
7owc5l92nb,2019-02-28 15:57:40,2019-03-13 12:24:44,week,-600.0,7500.0,jyc2h3udks
g1mxh9ojka,2019-05-02 03:32:40,2020-08-15 09:04:39,month,-3800.0,4200.0,5a02oklpo7
xu11ql823u,2019-06-16 21:27:20,2020-11-27 11:14:55,year,-2800.0,6600.0,2reu47p9fr
c0uprm19b6,2019-01-21 20:34:17,,year,1400.0,5100.0,1wi3byzme5
s7iuevi1pf,2019-04-29 06:22:08,2020-04-10 18:58:28,half-year,-600.0,5100.0,81gqeoetw1
lv97kt1hx5,,2019-10-01 17:26:35,,-2700.0,5600.0,zz85idbd1l
lvrgmkk85f,2020-10-29 03:45:20,2020-12-27 00:47:32,,-2600.0,7600.0,kypbzofwbv
a27fpwzt24,2019-05-09 02:53:15,2020-05-05 14:28:54,half-year,-1900.0,1900.0,li6hu9gkwq
ksu4et8yet,2019-07-28 09:56:39,2019-11-19 23:56:28,week,-4900.0,8400.0,ph4r7qw1uj
s9k401mg9x,2019-06-20 08:36:39,2020-09-25 22:50:22,,2100.0,1300.0,mosu2r2h0s
ct29tid6fe,2019-01-05 18:13:13,2019-06-03 11:46:56,year,-900.0,8000.0,ildk2j519g
8t3u7ivsbe,2019-01-09 21:03:50,2020-01-24 10:06:13,quarter,-1700.0,9200.0,ivs9y64u28
pn7xk5x2v5,2019-09-23 16:52:16,2020-12-24 13:02:20,year,4000.0,7600.0,6dbg4l3blq
4nuwvrd00l,2020-01-18 01:53:27,2020-04-28 01:27:45,half-year,1400.0,4500.0,lhlxuwe2aj
5v6vpity6x,2020-03-13 18:22:24,2020-12-19 13:51:41,quarter,-4900.0,4100.0,7olpzseuat
s2h62wmbhc,2020-06-24 21:23:11,,year,3300.0,800.0,ic6yky3cq3
p19e16jbfl,2019-10-12 04:13:51,2020-11-08 03:50:39,month,-3200.0,3300.0,rjgjwhbafr
yg5lz5y1cn,2019-04-18 13:15:20,,quarter,-1600.0,3400.0,pyoqdaw8ru
uwk3nb2a28,2020-01-30 02:07:45,2020-11-24 09:13:00,year,-2000.0,4500.0,iqmuac176f
5jj4y81dhe,2020-04-24 04:53:44,2020-11-20 11:30:14,year,-2900.0,400.0,qln7b6tia7
3k1ndy3agn,2019-07-13 21:43:25,2020-06-30 05:21:03,week,-3100.0,6600.0,43aveknkan
isqqqiqaub,2019-02-08 00:59:06,2019-07-09 00:33:48,year,-3200.0,5800.0,hmdxyqw7vi
3mdo83fesp,2020-02-19 21:20:18,2020-05-15 09:30:06,month,-3900.0,2100.0,hqm6tfg619
rwq7z28kwn,2019-01-15 04:02:18,2020-10-17 19:07:49,month,5000.0,8600.0,cicbo7mo4e
3zquuu1amt,2019-09-11 06:05:38,2020-05-19 07:05:20,,-4000.0,6600.0,wotap0h16b
3p7kaqwk5c,2019-11-27 14:46:46,2020-07-05 23:41:41,week,1700.0,3600.0,35mhmuxl6w
843g1zxq4s,2019-12-20 15:41:54,2020-09-02 04:08:21,quarter,2000.0,9300.0,vgvrv3b9qv
dckbqjpfdv,2020-05-11 19:54:32,2020-11-11 17:52:37,year,-1300.0,6100.0,s8x3yx5coc
qiz7k3s7iq,2019-01-09 14:26:22,2020-05-03 11:50:33,,1700.0,5700.0,l4oyam50zk
fnsbepe2fy,2019-11-21 11:16:26,,half-year,-1500.0,7300.0,4vdk3omcrx
hrrj7kuwd5,2019-07-04 07:56:20,2020-05-04 23:00:52,week,-1500.0,1100.0,31o7il47jb
5i8joy6dpj,2020-02-17 04:16:45,2020-04-30 10:51:49,quarter,-2000.0,4700.0,urodurflg3
484iuftaz5,2019-03-06 03:24:32,,year,1000.0,400.0,4ai8ktdf06
jlsanwh4pj,2020-01-30 22:29:22,2020-07-17 04:02:55,half-year,-2200.0,7600.0,6l7h2nluka
1dbwd5pqjm,2019-11-14 17:40:06,,week,-1700.0,3300.0,9rgt3m8q8y
v4fabw199e,2019-11-18 23:37:36,2020-01-20 09:45:13,month,4700.0,2100.0,t2i6ythslb
45b6l3t6kg,,2020-11-29 14:38:32,,2000.0,5200.0,nd59fieoek
plw4ob3005,2019-04-30 13:26:42,2020-11-25 04:47:11,quarter,-1500.0,3400.0,oofoqb7hh7
6hmcdu9w82,2020-06-15 20:55:31,2020-06-21 02:27:38,quarter,-3000.0,4300.0,arwv19n5lb
nv9w6hupk6,2019-03-05 20:20:42,2020-06-21 17:02:28,month,2000.0,6900.0,6k2gha8pwt
0uek1y7phh,2020-10-20 10:35:08,2020-11-19 20:42:47,week,1000.0,600.0,ivs9y64u28
axwvxj5wfv,2019-06-11 05:17:19,2020-11-03 05:56:25,,1300.0,9900.0,l3hfmzugkr
vzkyee331d,2019-02-11 12:20:05,2019-11-11 04:35:13,month,4600.0,3700.0,hi8hxxrxde
ld6lf5ik6r,2019-05-17 16:20:30,2020-01-27 14:22:14,week,1800.0,9900.0,e7mq82kd3u
wderwccyd5,2020-04-04 17:21:10,,week,600.0,9400.0,s2hit8p6v0
luev0p1bce,2020-09-04 05:43:22,2020-11-06 05:33:45,month,4700.0,9600.0,jv46sdp1h8
ser178q5st,2019-10-09 04:32:36,2020-06-08 12:07:24,half-year,3500.0,4500.0,6ucpesq8vq
njeact06km,2019-02-28 15:42:20,,week,-1900.0,6800.0,teyp29jkf1
pu258rsarc,2019-12-01 04:33:53,,half-year,-2800.0,3400.0,7nk11wu40m
awal0kt9sa,2019-03-18 01:52:08,2020-05-03 01:31:23,quarter,700.0,5000.0,7w5gnttm26
3hdstnf6e0,2019-12-15 14:42:20,2020-07-10 16:29:39,,-2200.0,5400.0,2pkplzbip3
d7iqydcbau,2020-07-01 19:09:40,2020-07-21 12:27:16,,4400.0,4100.0,lpbk9kf1g3
ngi2v1qsfq,2019-06-02 02:16:06,,week,-4500.0,2600.0,22m4q4m2kn
7qbribbjhp,,2019-12-25 09:36:03,,4200.0,1600.0,4xohp5l1ow
kybomrw30d,2019-01-16 11:28:11,,month,-2700.0,4900.0,99z5k15864
7x1cmjyo2o,2019-12-02 03:51:15,,year,-4600.0,1700.0,ehwbwwlaox
ahxy353rlk,2019-05-02 10:22:50,,week,-2400.0,1800.0,wl4u4wp50b
ybxyoysfer,2019-06-19 08:34:55,2019-11-09 18:19:21,week,4000.0,7700.0,txi20l8lz3
bujllf1eco,2020-03-01 16:04:58,,year,-4700.0,6000.0,kdq9uy409t
gw2ff1dd5z,2019-07-02 01:09:45,2019-08-21 13:32:21,week,-200.0,2400.0,ok8szf3gpk
fa5wq0zh53,2020-04-18 01:02:08,2020-06-22 23:01:44,half-year,-4700.0,4800.0,dnyhu57vss
8920nvohrm,2019-07-05 03:21:52,,month,-4900.0,3500.0,arrydkyrfq
p6p7k1fzwd,2019-02-04 00:50:37,2020-08-19 00:24:33,half-year,-1500.0,7400.0,1ex1a00wuv
c82rtav0bi,2019-02-27 21:53:28,2020-03-15 08:44:10,month,1100.0,3100.0,9pzucasz3d
no885qwfop,2019-07-16 15:30:01,,half-year,-3700.0,2500.0,ku8aw5ze78
rlmzhpxo74,2019-07-06 01:03:06,2020-12-17 14:02:05,,-100.0,9700.0,9h1ur140ub
cnvb5gnbdq,2019-11-17 06:03:06,,month,3700.0,6000.0,vk3ym05mkz
c82m8edgk7,2020-06-20 04:16:29,2020-09-12 20:19:38,week,-4700.0,7400.0,n4sunfbe58
mcis567dtr,2019-11-06 18:11:55,2019-11-11 08:54:21,,500.0,3700.0,oofoqb7hh7
9lvelmwwgh,2020-08-09 18:42:30,2020-11-22 04:04:01,week,4800.0,2400.0,1ex1a00wuv
pojvbvtrgf,2019-03-15 15:03:00,,year,-3100.0,1700.0,jfug1y14lv
4dgoeuintk,2019-05-08 21:28:58,2019-09-03 19:03:54,year,-3900.0,1100.0,i9b01hjmev
ooi3f5f6da,2020-01-30 03:39:31,2020-05-07 20:22:31,month,3300.0,9400.0,a1z3gi3669
83cdfkvf19,2019-03-24 17:57:58,,week,4000.0,5700.0,fu6e6nsh3k
rh0j962mmk,2019-05-07 18:21:28,,month,-4000.0,4600.0,f0680hf3ul
ugo9qs8bx5,2019-07-21 17:59:07,,quarter,-1900.0,800.0,mk2e1zrq1w
g4gah7ovpp,2019-03-08 19:25:49,2020-07-20 00:53:14,month,-4400.0,9600.0,628a3fn7t4
v00njvlgx1,2020-05-18 03:16:26,2020-07-10 02:07:21,week,-2400.0,5900.0,btg7dt4ubc
9cv8wtdsol,2019-01-08 02:35:19,2020-09-27 18:24:20,half-year,-2000.0,2800.0,ouyt5wdv0j
ef4jcqut53,2019-03-03 18:26:38,2020-03-24 00:08:54,month,4300.0,3100.0,arrydkyrfq
2oj72p2hu4,2019-04-27 02:35:43,2019-09-12 11:49:42,half-year,-700.0,500.0,deyln96494
c0m1fa9eyq,2020-02-09 13:12:17,,year,900.0,7500.0,d0ky6yny87
mbcj8gmann,2019-02-20 14:38:29,2019-07-30 01:33:37,week,500.0,3100.0,rpmww2pknn
zfsmg8wnly,2020-12-02 06:14:06,2020-12-03 15:09:21,month,-3200.0,4200.0,ds2el0hh5l
jr24296zk3,2019-08-25 04:54:53,2020-08-31 06:59:03,week,100.0,7600.0,iz3nc0oqpx
1w00q8rr85,2019-01-19 17:09:15,2019-11-19 17:02:46,quarter,-100.0,300.0,xjyqe0qmpx
9h4rt3vhq7,2019-04-21 19:41:09,2019-08-23 16:25:59,month,-2200.0,4800.0,6daf8aoibw
dfktdmdqwd,2019-05-18 10:07:34,2020-06-03 07:25:44,year,1900.0,5300.0,lcixewm6tl
nl33m5l4dr,2019-07-28 08:56:50,2020-10-31 03:57:45,half-year,1800.0,9800.0,j4ac4fsoz3
bg5q3uihl8,2019-01-04 01:00:54,2019-01-24 21:39:30,half-year,-3200.0,6500.0,6dbg4l3blq
1zewr1iqf5,2019-10-27 11:08:31,2020-03-04 17:23:22,half-year,-4900.0,400.0,bldbc0id2b
jz21rzywol,2019-06-01 04:33:40,,quarter,1500.0,4400.0,z39m8088tc
o7mdx3g0pb,2019-05-13 20:47:33,2020-09-19 12:37:14,year,-1300.0,6200.0,tsth0gysra
hhx5htwqf0,2019-09-24 06:25:42,2019-11-02 11:56:30,,1100.0,7700.0,n9lubgpfvz
by4f1tda7u,2019-10-06 04:13:06,,week,-2600.0,7300.0,l4oyam50zk
rwboji7zqp,2019-03-10 05:14:53,2020-01-17 20:21:15,year,2100.0,700.0,9gc1f29w08
fihqydov1w,2019-07-17 17:34:52,2020-11-26 03:18:46,half-year,1400.0,1400.0,3ngb6139cr
64xux1bi5n,2020-10-06 10:51:45,2020-12-22 21:43:09,half-year,1100.0,3900.0,oio93csm8m
1sb7p8dc59,2019-10-16 17:27:14,2020-04-25 09:27:54,month,3400.0,8300.0,w8dqkcv6qo
fn7xfnow7r,2019-05-29 22:33:44,,quarter,3600.0,2900.0,2v705vr7t2
oqckd1setf,2020-09-27 23:13:07,2020-10-27 17:19:38,half-year,-4200.0,900.0,9gc1f29w08
a63puxe2ov,2019-04-03 11:44:16,2020-04-04 00:48:31,week,0.0,2200.0,f3f5bqenuo
6o1z9pij8q,2020-03-14 15:06:14,2020-07-22 03:34:42,quarter,4200.0,500.0,687dheubd1
cv33squ7pb,2020-01-18 10:35:48,2020-09-05 03:45:20,quarter,4800.0,8900.0,6k1ygy58dt
gwei2v38pp,2019-06-10 11:07:38,2020-03-09 21:17:26,year,4300.0,4900.0,m332lmmw3a
z8yhbn5a3d,2019-10-03 08:05:58,2019-11-12 06:12:23,quarter,800.0,6900.0,h7bkri4uao
rkyzc366iz,2020-04-18 02:57:09,2020-06-27 09:43:07,month,1300.0,6300.0,rikye9y0cp
vtgnf1xjkl,2019-08-17 02:36:04,,month,-4200.0,7000.0,3sc7q25ae7
i1esfoh6n6,2020-01-01 00:44:37,2020-09-17 17:52:48,week,3000.0,5200.0,w8dqkcv6qo
yn80g87vus,2019-07-01 21:39:58,2019-10-03 00:31:32,month,-2200.0,4900.0,i7h02wt4g2
qx3y5wxe4n,2020-06-12 19:20:43,,week,-600.0,2300.0,u5b8mtvpky
20vi2urd43,2019-10-13 09:11:30,2020-05-04 15:47:40,year,2100.0,4800.0,m8n2ijch12
r3c3ooazyy,2020-10-08 16:24:33,2020-12-24 10:18:57,month,4700.0,2000.0,m8t5lrlmbv
ovq18q8u3j,2019-02-17 05:08:49,2020-02-01 22:15:39,half-year,-400.0,3200.0,6d3km5eiyg
fv1ssifeom,2019-07-14 15:35:14,2020-08-14 21:55:16,half-year,1500.0,1000.0,j58c6uol3u
s0phbbwhrn,2019-09-04 01:58:02,2020-06-10 18:29:47,,600.0,3700.0,9engczhcbb
bg1ucpnhkb,2019-11-24 23:00:07,,month,-2400.0,4800.0,wk6nutcp7p
lnf08dxrny,2020-03-24 10:43:31,2020-07-26 11:38:21,week,100.0,2800.0,axf3smv3z5
r733sw8z81,2019-04-23 20:35:11,,month,2500.0,2600.0,hpfq2xcz1r
opdmzmobs6,,2020-01-23 06:18:56,,-4200.0,8300.0,fs4llju7rg
zf5dlf5zpu,2019-09-02 11:35:06,2020-06-19 15:54:07,half-year,4200.0,3400.0,x8euf87c6y
kmx8er2k52,,2020-09-13 03:19:09,,5000.0,4900.0,ka44vyojg0
posgsp84zn,2019-02-16 18:02:19,2019-10-30 02:04:41,half-year,2300.0,1200.0,hi8hxxrxde
du9myx34sz,2019-09-22 19:54:50,2020-05-02 02:30:18,month,-1200.0,2100.0,xlvrl449oc
o9fk1kc22v,2019-01-26 22:35:54,2020-04-13 19:35:28,month,-4700.0,9800.0,knzm93uzdr
f3iedppxz9,2019-10-19 02:45:22,,week,-800.0,8600.0,3ikan0yfy6
zgqehggoot,2019-11-07 19:21:55,2019-11-17 12:40:26,week,-900.0,9700.0,m65a2gr5mg
6wyismr7uy,2020-02-18 23:36:01,2020-07-27 15:44:35,week,-2000.0,1400.0,goq1a6dq7v
b0zgnufaa6,2019-08-03 13:42:32,2020-10-24 04:54:05,year,3600.0,10000.0,j2a6ki6y7o
1lgnhmaikk,2019-01-04 16:37:38,2020-02-22 15:22:34,week,-4500.0,2600.0,th1ap3lcr3
21eiec7cnj,2019-01-03 03:41:59,,week,-3000.0,800.0,xmcxm6r1b0
khwctuiqt2,2020-06-26 16:07:18,2020-12-03 04:03:12,year,0.0,7900.0,b4xu7wau3u
knee8mtz23,2020-03-21 06:52:02,2020-10-31 06:35:05,quarter,3500.0,8400.0,xvu5tfsxc7
916kmhaqr2,2019-01-04 09:14:52,2020-11-19 14:29:58,quarter,2400.0,8900.0,zi9t0z8d28
u0354f2qhf,2019-08-05 16:28:44,2019-10-14 15:12:48,half-year,-2100.0,800.0,vrbpk2s7u7
dtn7iit11p,2019-07-11 19:18:54,2019-10-02 09:59:48,week,4600.0,3000.0,hiufh0ekk6
eg1femoxwd,2019-03-27 20:51:48,,quarter,2600.0,9700.0,bm5kgtsp3o
lmerk2vvbm,2019-04-24 17:50:19,2019-05-17 09:23:52,half-year,1600.0,1300.0,yiq9miy4x4
lxdonc6xfv,,2020-09-10 05:46:28,,900.0,8800.0,r52kpa5dv2
tcax55n7se,2019-07-26 15:56:11,2020-08-16 06:39:55,month,-4000.0,9300.0,srxc0ccmaj
vr7k2njzgd,2019-11-14 18:21:45,2019-11-24 18:15:51,,-1000.0,4500.0,8y9euyzpmn
573ryrark7,2019-11-08 18:07:43,2020-02-03 14:43:07,week,4600.0,1200.0,zrlv37c1w7
et0idxd3ba,2019-07-01 01:02:58,2020-10-02 20:29:10,week,-2600.0,2000.0,xul5evwzbn
t0hd26ia2p,2019-08-29 01:24:07,2020-03-18 21:32:35,week,4000.0,9800.0,zu5j4ocsdb
sskub3l3ea,2019-02-04 05:31:27,2020-01-21 00:12:46,week,-2000.0,8200.0,btg7dt4ubc
29gwo5kt05,2020-10-04 16:42:17,,month,1500.0,8700.0,oh3ap55dc1
si36pdbl2n,2020-01-18 19:05:24,2020-12-19 17:06:14,week,2200.0,9200.0,pt0zvxh3i0
5p1v4yuuk3,2019-03-28 07:29:46,,quarter,-600.0,700.0,gqec6aj6hv
kvxhi16elx,2020-05-27 03:03:01,2020-08-01 21:56:38,year,-400.0,2500.0,caouedw1in
wkzlbwnnod,2019-02-23 07:33:20,2019-06-23 10:26:50,half-year,3300.0,100.0,mmhhuxd5od
k54n2eg4ys,,2020-02-14 23:54:19,,4300.0,5500.0,ildk2j519g
t85v956s8c,2019-08-09 12:12:09,2019-12-11 11:06:25,quarter,2100.0,3800.0,qm54q6zi5r
smhteso2t3,2019-04-21 15:49:16,2020-05-09 07:16:27,year,-1500.0,5000.0,jfug1y14lv
dpoqyfx5dc,2019-02-16 01:28:41,2020-07-18 17:00:14,year,-2400.0,3800.0,dbalra58as
hnb30qv18j,,2019-06-08 15:03:56,,1100.0,1300.0,fzxlo3nak8
g8932qhom2,2019-11-25 05:39:14,2020-08-17 13:22:47,,3000.0,400.0,2yn0dpljwk
wbmax2em6s,2020-01-18 13:23:32,2020-09-14 10:37:24,year,100.0,5400.0,8gix16if6c
lkggiyw7i6,2019-08-05 15:30:17,2020-11-15 16:45:03,half-year,4700.0,9800.0,pydwvkf9r3
k53bdalc31,2020-02-17 14:31:06,,month,-1300.0,5600.0,43me4hq3p1
722vzsvipq,2019-08-01 02:27:18,2020-04-01 12:36:54,quarter,-2700.0,2800.0,by1h27jq20
brc6otfp6n,2019-10-31 12:47:38,2020-01-20 23:20:20,week,-2200.0,2900.0,9985mpxd27
b5k80nlt5e,2019-02-05 04:00:59,,quarter,2300.0,1700.0,fpibm5mhss
dg0efz7kdk,2019-07-26 06:36:54,2019-11-06 20:17:49,half-year,3400.0,5100.0,4i8od2ppoc
eatvtys03g,2019-02-04 11:14:26,2019-11-15 20:30:15,,5000.0,3600.0,py6u3kntiv
5oodazrwyf,2019-05-02 08:57:30,,year,1600.0,3900.0,1axlc8yite
dnjbf382zs,2019-11-07 23:29:57,2020-03-25 06:06:42,month,2200.0,2900.0,ds2el0hh5l
ggoi6g1432,2020-07-26 13:00:34,2020-09-06 13:47:18,week,-4600.0,10000.0,fcftt9whbl
lcxncawfgj,2019-01-13 22:43:12,,week,2100.0,7700.0,xyx31a32j2
4y80v7fi4m,2020-10-27 08:05:33,2020-11-19 01:45:58,month,-900.0,6100.0,zmbkd01v1y
4w6x3b7mtl,2019-03-31 04:06:16,2019-09-19 05:00:52,week,-4900.0,7100.0,rnihz44bnc
yifb1opw7j,2020-03-17 02:32:22,,month,2300.0,4100.0,t37dmq3ebm
p4vj8afiae,2019-08-26 00:49:04,2020-06-06 12:23:06,half-year,-3200.0,3900.0,l26uw2o289
se1k6de3qp,2019-08-16 22:30:48,2020-07-01 06:08:02,week,4100.0,7800.0,58ld3l74ib
jz9z5h4vmn,2020-08-21 17:37:51,,quarter,-800.0,7500.0,8vzjln04gj
d9amvotiku,2019-10-10 14:12:37,,half-year,-2900.0,2100.0,3a8sxw9pd0
2xumqzxlmw,2020-05-02 09:07:31,,half-year,4200.0,1800.0,djf4ubosim
2kseo05q23,,2019-11-25 07:54:28,,-3300.0,2300.0,8fkea4ewfe
1ebeaxsivg,2020-01-20 14:27:45,2020-08-22 06:56:07,,3900.0,6200.0,xf61mzfky4
uqw2qtcn5f,2019-02-06 09:25:43,2019-06-06 05:08:09,month,-900.0,7200.0,sfo4o5ngwp
7dco7oxi3b,2019-02-18 18:53:39,,quarter,3200.0,9300.0,q3xzqp4aru
jjpl75qpnh,2019-11-26 02:34:37,,week,-3900.0,7500.0,1ta6wyufv8
083s16d82c,2019-01-15 02:45:46,,month,3000.0,6900.0,axf3smv3z5
ngqcr9n1n8,2020-01-19 02:39:50,2020-12-27 22:49:58,week,-3000.0,5000.0,nd59fieoek
aehmmkrai2,2019-12-03 13:48:35,2020-05-14 08:03:56,week,2900.0,4100.0,he06obafcj
km2au67osn,2020-07-06 20:39:10,,week,0.0,4000.0,rcdg5rdzmx
yvkwss4yoz,2019-11-21 02:37:02,2020-11-20 20:26:01,quarter,5000.0,6500.0,t9kwtqvr9s
xf23m78a2j,2020-02-09 04:43:39,,week,-1800.0,3100.0,cwh9n5s7mf
d9vzpizuwy,2019-03-28 15:56:46,2019-11-22 05:44:46,,900.0,3900.0,y6s4h3ebw8
eag14mutxi,2019-03-01 14:57:17,2020-06-12 05:40:00,week,-4300.0,300.0,89w3fr3te9
tif6w38424,2020-02-21 22:01:24,2020-06-03 09:46:33,quarter,-4500.0,7900.0,f0680hf3ul
9h5hboakm7,2019-09-07 06:04:42,,year,900.0,6900.0,59xif9z6yt
gbrnccb8wv,2020-11-23 07:14:26,2020-12-19 22:41:24,month,400.0,6500.0,mdvyeg9cxj
w4rbsehon1,2019-01-21 09:53:02,,quarter,1100.0,2100.0,8sx6jjd0sh
yt7rels9u4,2019-12-18 08:37:44,,half-year,-800.0,7600.0,olqx7hk5me
u0n1e8lhoo,2019-07-25 23:28:51,2020-11-12 10:29:17,year,-3900.0,4000.0,jfug1y14lv
4hs42fbqkg,2019-01-23 12:33:29,2019-11-07 10:06:48,half-year,3300.0,6400.0,wgz1tb9jwt
ovdzzh6gn3,2019-10-22 06:53:44,2020-03-03 08:39:16,week,-1700.0,8400.0,qnl3gz9dqg
cnwe9un9ua,,2020-11-19 15:15:02,,-3400.0,4300.0,z2ttmq5f3i
wwlrppdyml,2019-07-18 07:28:20,2020-08-03 06:08:19,quarter,2700.0,7500.0,s9y1mzm75z
rzanoy5qy6,2019-05-31 17:38:22,2019-08-02 17:07:53,week,400.0,9400.0,ly0ti6vbhr
zffubj32d2,2020-05-19 19:32:17,2020-12-03 02:39:07,year,400.0,500.0,p1gyyouseg
dxz1l4vf2e,2019-11-08 20:04:37,2020-06-02 22:06:41,month,1600.0,5400.0,ne5if79zrn
xbu7zanaj2,2019-01-08 06:02:25,,half-year,-4400.0,2800.0,6gas2hnzr2
6j85875pl2,,2020-04-06 11:18:09,,-500.0,1700.0,8jg5jz175u
pi8c475qpy,2019-02-07 11:01:11,2020-04-24 00:03:06,half-year,1100.0,300.0,lz45mox4x8
2fraivopwg,2019-03-13 13:41:28,2019-12-05 22:21:32,,-2900.0,4500.0,oeeeokbgcc
sqw0tx8hrq,2019-05-21 17:54:10,2020-03-18 12:17:14,quarter,2400.0,7600.0,kx7pwjfxvi
zyuulcqctn,,2020-08-07 07:17:53,,-4800.0,3100.0,stvlaskb22
ipum2wmp3q,2020-05-10 04:26:52,,year,-500.0,4300.0,8er1z8qd08
e008dsbo0f,2019-10-24 15:10:45,2020-01-24 22:39:12,quarter,4600.0,4500.0,pa0e5tlf3w
4xjqiyl6t7,2019-01-01 01:44:51,2019-06-25 04:21:16,,100.0,3400.0,f3k6cd5dwh
dxjupqv5o8,2019-06-07 05:34:18,,month,-3900.0,9800.0,hqm6tfg619
57d8s9rsz3,2019-10-25 06:52:30,2020-12-02 12:25:33,year,4200.0,8400.0,ytqbpxvfz5
rqo1cs4t4o,2019-02-07 15:26:56,2019-06-22 00:44:17,week,-2300.0,4500.0,m2ky3kkes0
y8jgrubdop,2019-09-09 06:14:31,2020-10-16 00:37:56,year,1400.0,5200.0,3swiuf81xc
jckn0iqddh,2019-11-11 20:38:57,,quarter,-4300.0,5500.0,qrtw3oohf2
9x3s15lui2,2019-02-13 05:14:10,,quarter,1200.0,4200.0,74x594bq9c
z9xurrelii,2019-06-28 01:55:38,,month,4500.0,9000.0,15lds1o5yc
0hkp3uif8u,2019-09-09 13:04:19,,half-year,-700.0,2400.0,4xohp5l1ow
e0mt6xp1w3,2020-04-19 09:21:58,2020-10-19 06:16:14,month,-1800.0,3100.0,bdgx8ha0wb
vzjiknebb5,2019-08-04 06:27:59,,year,-800.0,8300.0,yr3gpk12fd
z2zc2ccgms,2019-03-08 16:50:19,2019-06-13 03:04:14,quarter,-1900.0,6700.0,3qq9ykph7k
fdmxk67yla,2020-02-18 18:51:47,,month,1300.0,3000.0,jbh1pcrqyh
l3z3z213yj,2019-04-10 21:58:50,2019-05-25 14:29:04,half-year,200.0,1100.0,q3xzqp4aru
mwlgs2ttl6,2019-07-30 10:08:09,2020-07-09 00:35:51,week,1000.0,3400.0,793zduw1np
38t6hyxq3k,2019-01-02 19:19:08,2020-09-21 14:28:01,half-year,-4000.0,6000.0,m8n2ijch12
wg9zbc0bo1,2019-03-28 15:21:55,2020-08-07 14:27:11,quarter,-3100.0,8000.0,w5zkhg74bk
z5o373qv29,2020-01-22 12:42:47,2020-07-08 13:17:26,week,3000.0,8200.0,k3ch7wv1wo
ntd97gfz1e,,2020-08-07 04:15:09,,2800.0,5500.0,hj9po4qznd
1jgvuyg19s,2019-12-05 06:17:40,,quarter,2600.0,3200.0,8ct6n3299i
235q3vi372,2019-01-09 15:25:11,,quarter,1500.0,300.0,vrxrn8xma3
fjhwsrn1oy,2019-08-12 02:53:23,2020-06-21 23:27:39,month,3600.0,6400.0,zfljph97tp
1qgu1gav7f,2019-01-27 07:41:02,2019-05-12 19:46:27,week,4500.0,7200.0,jpuom2s460
b401tv28zs,2019-08-13 09:34:57,2019-08-20 10:26:46,month,-1700.0,800.0,30szhlfltw
m8k4qpjlqr,2019-01-10 03:50:28,2020-04-15 18:45:15,half-year,3100.0,1500.0,d48oeklglb
yze0m8nrbt,2020-03-22 05:45:25,2020-09-06 03:51:29,week,-4800.0,9200.0,wpak0nwlw3
hnkuf82a83,2019-02-08 19:54:56,2019-06-25 20:49:42,year,1200.0,4000.0,9r2olz4hrr
e8n0qagnpw,2019-03-20 05:22:43,2019-09-23 16:53:21,week,-800.0,7800.0,iasqqqoabl
yaw87kj3wy,2019-11-04 23:57:38,2020-09-11 13:58:16,half-year,800.0,4600.0,5idejnvkzb
ept6ejd00l,2019-10-27 04:35:14,2020-01-02 10:35:16,,2300.0,5100.0,rwnymull5j
kzj1xgoux6,2019-04-20 15:50:24,2019-12-24 14:49:42,,-500.0,7600.0,udfmaf0rnh
5pnkzj3o35,2020-04-21 15:16:42,2020-10-22 22:35:21,half-year,-1100.0,7500.0,uonxuhwh73
06xq41d5t8,2020-03-15 01:44:31,2020-05-12 13:35:36,month,-2600.0,4300.0,4mmszdexal
z4crd9mzl7,2019-12-07 06:25:38,,year,3100.0,3000.0,xyx31a32j2
qlfp6pc1ay,2019-02-17 04:22:03,2020-08-20 02:22:27,quarter,-700.0,5600.0,9r2olz4hrr
isaqs565oa,2019-06-05 04:33:40,2020-12-07 04:33:20,quarter,-2000.0,3500.0,wrol933q4g
qsosgh7qzc,2019-06-09 04:03:17,2020-02-12 13:06:47,week,-900.0,1500.0,43me4hq3p1
hkrdv7feap,2019-01-16 02:29:55,2019-02-23 15:52:35,half-year,300.0,8500.0,ccjk4fib9i
m43aridujk,,2020-12-05 09:03:13,,-3600.0,8100.0,o7u9nni2yj
fi6nggeufw,2020-01-02 22:29:28,2020-09-29 22:11:55,year,900.0,600.0,lhlxuwe2aj
6axawhquoo,2019-02-11 11:42:25,2019-03-07 02:54:16,month,-1700.0,5200.0,0fi41k5m16
mup36syhd4,2019-05-13 03:54:49,,year,2200.0,1300.0,fkc04lod5n
ucedaaqcvl,2019-08-27 21:45:51,2019-11-20 00:48:17,quarter,300.0,7200.0,z95g49wvga
w1lx2xj5ak,2019-07-29 10:17:37,2020-10-05 08:21:14,month,3100.0,3000.0,1rrr7adbqf
oduiomzazu,2019-12-10 06:58:44,,week,1100.0,7400.0,i3ggqfbn3z
cn1ghp7vac,2019-01-07 13:54:42,2020-05-22 18:24:32,,1300.0,7100.0,avt8ota0we
aj0de0q1on,2019-07-09 10:32:32,2019-09-06 02:50:38,month,3400.0,7000.0,4uwqttlzps
3rde5nmj6t,2019-12-28 21:54:18,,half-year,-1700.0,8100.0,fi4je1r3d8
s42vanqzkk,2020-08-19 14:39:05,,quarter,2700.0,5000.0,7ffu2yz849
s9jktabszr,2020-09-10 19:23:24,,week,3700.0,2300.0,yvqwq27ct2
2oyp76doz8,2019-10-18 10:22:45,2019-12-30 02:54:52,quarter,-1900.0,8600.0,ddhy2j8p7m
2guszn3krx,2019-12-08 00:30:46,2020-09-17 21:07:58,quarter,-2700.0,6100.0,tixm0m48wa
2g81nsgwlx,2019-09-03 20:52:14,,year,4400.0,4100.0,qz64lz3iz3
kiws9bm8d5,2019-08-31 16:14:59,2020-11-26 23:02:54,month,2600.0,8000.0,wa7okl6kr1
tj9rhm6bv5,2019-02-13 07:52:57,2020-12-06 04:40:25,year,4500.0,1800.0,e8cnutnlm5
bitlrd4698,2019-02-04 09:39:38,2020-08-29 05:52:44,quarter,4300.0,1900.0,t9kwtqvr9s
if4pk67fvz,2019-11-10 12:09:49,2020-01-30 21:06:42,half-year,-700.0,3400.0,19ys5kvqyu
1r660r6fvf,,2020-11-20 19:32:50,,3500.0,2600.0,he06obafcj
abet2s1ddf,2019-01-24 01:26:18,,month,800.0,10000.0,ylnre7bt4e
0lkjx3idkv,2020-02-05 17:05:55,2020-05-02 11:38:19,week,-2500.0,10000.0,h3xz7ri4j6
ao9k9045jv,2020-02-13 07:00:25,2020-02-21 09:48:03,year,-2800.0,9000.0,f08swhb4pu
lop978f9vc,2019-10-23 03:57:17,2019-12-26 19:51:02,year,1600.0,5700.0,adezwrh8py
drko58fmkp,2019-01-04 12:27:14,2020-05-28 15:24:18,year,3800.0,2000.0,t8tj6gsgpj
estn64c2sz,2019-05-27 06:32:19,2020-06-28 17:12:48,,-4800.0,1600.0,w8m4pjsdwc
6mipng86p2,2019-08-08 11:45:43,2020-08-11 18:49:41,year,-4600.0,1100.0,v6dvmoxe2v
ws21fqmfie,,2019-04-19 18:55:09,,0.0,3600.0,3qahen9ljw
8iq0ln19cc,2020-07-03 00:05:45,,month,-4200.0,9500.0,ioq5tjrnfi
y254haiguv,2020-04-05 09:50:56,2020-05-30 09:46:32,month,4100.0,6900.0,wbhbp480vs
t1cvyi585w,2019-05-09 12:31:48,2020-06-22 22:28:32,year,-1900.0,1700.0,zr1yabrc7m
q50593ayey,2019-10-12 04:58:54,2020-08-05 08:57:13,quarter,4100.0,7500.0,fpibm5mhss
4w0z5eopso,2019-02-24 06:12:10,2020-04-06 23:55:34,half-year,100.0,6600.0,bcrkm12ris
j05ypfvcjf,2019-02-23 00:19:45,,half-year,200.0,7900.0,ozfr9j0c6n
yj6ag0nhqr,2020-09-16 00:13:52,2020-11-01 01:20:50,quarter,4400.0,8100.0,f08swhb4pu
b6g68mtwfi,2019-05-18 13:13:19,2020-04-15 03:15:49,half-year,200.0,800.0,xop838i6b6
rglx0xzhua,2019-05-30 08:32:39,2020-10-14 05:07:04,,-2600.0,5500.0,5g74nzpfpo
wr6tsmnaij,2019-02-24 19:39:54,2020-03-24 01:11:58,month,800.0,7700.0,tm2tjgb5ph
dvj670j3w3,2019-12-14 12:20:12,2020-06-26 07:22:26,week,100.0,1300.0,2ocuuskl9r
ejnphwqz1c,2019-12-18 16:56:37,,quarter,3600.0,600.0,1ah65r9toh
r95zqexyqb,2019-04-13 12:34:41,2020-08-31 20:35:41,year,-3300.0,7700.0,x8euf87c6y
qjujwvhx4t,2020-05-29 22:03:16,2020-11-13 06:20:24,year,-4900.0,3700.0,0viepulqqv
fpx0segpby,2019-10-27 11:31:06,2020-06-01 08:02:50,,2600.0,1800.0,8jg5jz175u
0rkh4kborw,2019-04-22 22:05:44,2020-04-11 16:22:05,,1300.0,6900.0,qyoymbpggx
qlifwkjs3w,2019-08-31 14:30:07,2019-12-03 02:54:23,half-year,3700.0,2700.0,adezwrh8py
nkktg3qvsj,2019-05-29 17:08:08,,quarter,-400.0,2800.0,o8gvoa8hok
gnwp0y7iem,2019-07-23 07:59:11,2020-07-15 17:49:36,quarter,-1300.0,2100.0,sg1qrhw68e
u9bs9jv87i,2019-08-16 18:46:54,2020-08-07 21:08:27,,-4000.0,2200.0,15lds1o5yc
8i7fj37v63,2019-12-28 13:49:13,2020-02-17 03:55:10,half-year,1800.0,9400.0,optq11rsib
y4yn4arwtf,2019-06-14 11:48:19,2020-08-27 16:15:26,year,100.0,300.0,81lt8uppun
60h0csq20g,2019-11-03 08:46:32,2020-06-20 07:15:18,month,1200.0,2500.0,hqm6tfg619
hxtlxz5r7p,,2019-08-06 06:26:19,,4700.0,5600.0,8gjzto4xzt
ha1cns64gc,2019-09-29 08:15:46,2020-08-28 00:44:48,month,-4200.0,6200.0,el07hh4p9d
thweip4ow1,2019-06-22 09:53:56,,quarter,-2000.0,5800.0,ry9k9k65ni
sb5hybpdmt,2019-02-20 18:40:47,,quarter,-1300.0,9900.0,l2qlcxsvro
anh9krj86m,2019-09-05 22:31:38,2019-09-29 06:48:40,week,3700.0,7300.0,dmc5akgk7n
uy91g1wt76,2020-06-02 03:46:56,2020-11-17 08:51:25,,-4900.0,8400.0,saxt3lhr7j
9z3w03omq4,2019-10-13 10:08:19,2019-12-14 09:27:25,,-3400.0,1900.0,pa0e5tlf3w
te559pi3r3,2020-05-26 03:59:07,2020-09-07 06:40:53,week,-3300.0,2300.0,j3b74z60po
e36yw4yeu3,2020-01-16 06:49:57,2020-01-29 21:03:02,quarter,-4100.0,7300.0,7rfwnr6bsn
xvjjpisr41,2019-01-20 23:44:13,,year,800.0,5900.0,cicbo7mo4e
noydwegdkw,2019-12-09 14:09:20,,half-year,800.0,5900.0,d1thpjf5y7
g2wlidrjdh,2019-12-04 02:11:12,2020-10-02 21:42:32,year,-4400.0,6500.0,z2ttmq5f3i
czvvrw5r1g,2019-06-04 04:15:20,2020-05-03 13:23:16,year,1800.0,3600.0,jfelwa65hc
dals4u3qyv,2019-12-28 20:13:06,,month,-4100.0,6600.0,4mmszdexal
s4y7ijk24g,2020-01-07 13:17:05,2020-09-16 12:25:13,week,-3000.0,900.0,xgblho40k6
8dqyx3xwzh,2019-12-20 16:44:28,,week,2100.0,8200.0,w5zkhg74bk
a1o2cy0vce,2020-05-30 20:44:13,2020-07-09 02:55:53,,2100.0,3100.0,xzj085gq1w
5y37ewajz3,2019-07-10 23:40:04,2020-10-16 03:16:39,quarter,1700.0,6600.0,1t2hjvudv2
6abu3v0d3i,2019-04-08 01:15:38,,quarter,1800.0,8100.0,arecl3srzx
gskzedfyll,2019-06-01 19:24:01,2020-05-10 06:32:16,,-1600.0,10000.0,by1h27jq20
kck7mng3ld,2020-01-24 16:43:32,2020-09-29 12:34:29,month,1600.0,5000.0,nnu66s1y5m
4g2nlpy3ev,2019-07-27 14:00:12,2020-08-18 06:03:30,week,-4800.0,5100.0,j97r2c9twu
l5a4e2wd41,2019-06-14 01:41:26,2020-04-09 23:15:24,half-year,-2500.0,3900.0,8mshal083w
jmnmxpkwa3,2019-03-08 11:06:59,2019-12-23 15:34:48,quarter,500.0,1300.0,hpfq2xcz1r
nhhjc1g7tz,2019-02-16 12:14:52,2020-05-21 13:19:31,week,-3200.0,8100.0,r2kkanqzny
lc3okccyh7,2020-11-28 16:37:14,2020-12-22 10:31:43,year,-4200.0,300.0,sp329xrrwx
d0x7n1jrul,2020-02-16 22:02:40,2020-05-16 09:15:06,year,-2800.0,7800.0,fubcuhg04y
tjxnqk5kre,2019-02-14 14:22:38,2019-12-17 11:38:24,year,600.0,2300.0,t4o7bpaz3c
5wi4ezr91u,2020-05-20 01:24:16,2020-11-18 07:28:01,half-year,3500.0,200.0,ab6bj38xnf
hp88kt2eev,2020-04-13 14:29:32,2020-05-13 17:03:53,quarter,-3300.0,6600.0,usmj5pjklu
bcsb5r52pi,2019-03-23 09:25:19,2020-10-06 18:45:25,week,-600.0,4100.0,2yn0dpljwk
bv5lps9ymn,,2019-11-21 23:12:36,,4000.0,8100.0,ie97wghbra
batt1mjb8k,2019-08-08 13:38:23,2019-11-23 09:01:28,week,-4900.0,700.0,vk7ewlxhk2
vst1jpph40,2020-06-02 15:21:50,2020-08-18 07:24:51,,3900.0,1700.0,xzy37fhp0x
prshy8nwtm,2019-06-22 14:21:44,2019-11-12 13:15:53,quarter,-100.0,7100.0,iyzw954xac
za1ye5ow6f,2019-03-14 15:37:33,2019-09-21 13:39:30,,-300.0,2400.0,qv7199smfe
ab8giww7x2,2019-06-05 15:40:46,2019-07-11 05:15:19,half-year,-3300.0,800.0,adezwrh8py
emov8ofar9,2020-01-08 04:10:04,2020-03-31 00:00:18,year,1300.0,7000.0,zfljph97tp
49o0ya78n9,2019-04-21 17:44:56,,quarter,1400.0,6600.0,0uanaa7gmh
mz0prgv2dj,2019-02-28 22:55:05,2020-01-06 14:06:02,year,-2100.0,8500.0,8p24zi0e7b
bvrfqbbvak,2019-11-19 10:08:31,,week,-2300.0,7900.0,7ffu2yz849
6anx3qk1ck,2019-07-02 14:48:20,2020-09-27 07:45:13,week,4800.0,9200.0,lhlxuwe2aj
4rowg265vp,2020-02-12 01:16:12,2020-11-17 17:13:26,month,-3700.0,300.0,ic6yky3cq3
k7rqjutsbb,2020-05-05 12:48:56,2020-11-03 02:17:28,week,-4900.0,6400.0,optq11rsib
abrx89uph2,2019-03-18 17:19:24,2020-12-17 05:09:51,half-year,-3500.0,7500.0,17ksxa4xj9
7i8s2g0ex0,2020-02-04 12:19:22,,week,3600.0,4800.0,6l7h2nluka
wbjh52gh9j,2019-12-17 13:10:21,2020-09-15 11:08:02,week,700.0,6200.0,7ffu2yz849
k05vboqqoq,2019-02-22 06:59:55,2019-12-11 23:54:49,,-200.0,4100.0,vopmmyh8qk
6lx9fnuicz,2019-02-03 06:37:07,,half-year,4500.0,500.0,kktp6cz8hx
pro4x0q4h5,2020-02-28 18:31:20,2020-06-25 21:28:22,year,3700.0,9900.0,x18la0iiyx
z253n10otn,2019-07-07 12:58:11,2019-11-29 13:50:58,half-year,1900.0,4000.0,5idejnvkzb
6opq87x252,2019-03-02 12:31:23,2019-11-15 10:10:26,half-year,-1900.0,7000.0,kkvtu98svn
bqay5wq4ky,2019-03-13 01:55:28,2020-09-25 15:21:33,quarter,-2200.0,7300.0,jdqhvvpfan
mxb8ogqi6j,2019-02-08 03:29:55,2020-05-23 11:02:01,half-year,3000.0,9300.0,xzj085gq1w
yghsli7a7n,2020-01-16 20:33:30,2020-12-09 16:00:16,month,1400.0,3200.0,y23myolcvh
zmj8e1omvz,2020-01-13 06:12:36,,week,4200.0,4200.0,5idejnvkzb
doh5a6b0b1,2020-03-19 06:47:07,2020-08-27 23:40:46,,4300.0,7700.0,hwpkpee2xc
u2vmejp3gb,2019-03-06 21:32:12,2020-06-14 06:02:07,quarter,3800.0,4500.0,4xohp5l1ow
na1yv4de3f,2019-01-11 09:31:25,2020-07-12 21:02:40,year,-3900.0,9000.0,ggva0fglfz
3ya0qikypx,2019-01-28 16:31:09,2020-05-28 19:42:57,half-year,3300.0,3600.0,zrlv37c1w7
68pdtgz9ab,2019-01-24 10:44:32,2019-09-14 06:45:30,week,-4100.0,9300.0,4e7di3iqft
birn1tuvnq,2019-02-07 20:32:23,2020-04-16 18:26:03,month,4900.0,5100.0,1ukk8sj7wf
wd7wa9f7x6,2020-07-11 17:34:47,2020-11-09 20:37:31,week,-1100.0,1100.0,n5fpfha87x
bldtr4anhv,2019-10-08 03:54:33,2020-05-26 07:09:22,week,1000.0,6400.0,g4ysz6gmzv
nsl8z605a2,2019-09-21 07:39:26,2020-07-18 23:40:52,week,-2900.0,800.0,g7qgso7atq
kmig85jq1d,2019-06-25 01:23:22,2020-12-29 06:25:05,month,-2300.0,2500.0,caouedw1in
xbb18plw0j,2019-05-25 05:25:30,,month,2800.0,2900.0,ffwfyz0mv5
yfzhkaaype,2020-04-07 09:27:15,2020-05-30 12:18:24,,-4600.0,7200.0,zz85idbd1l
m88i0lctr3,2019-06-27 18:30:06,2020-07-02 23:27:32,year,2500.0,1700.0,1rrr7adbqf
rvh764gp09,2019-05-26 22:55:43,2019-10-07 00:18:44,week,-2500.0,9600.0,3ngb6139cr
lscqnwajic,2020-05-07 21:11:28,2020-12-12 15:37:20,half-year,-2200.0,4200.0,wlgjajpy26
kvc807w32b,2019-02-10 02:58:23,2019-03-18 13:19:08,year,2700.0,7900.0,jopmeq0qal
1fcxp3vs86,2019-10-28 13:36:49,2020-01-29 21:14:08,half-year,3900.0,7600.0,7ulj83mp0b
uvja9q5f0g,2020-01-17 03:21:40,,half-year,2600.0,400.0,195vebkf19
ym0b349dye,2020-11-11 15:22:28,2020-11-18 17:18:19,,-2800.0,2300.0,covwjv53yv
l7fz85b2gf,2019-12-19 18:55:39,2019-12-31 06:23:47,year,300.0,6500.0,c9z5vg4ln3
99m0yx9w4f,2019-06-29 08:02:27,2020-08-10 09:12:50,quarter,-1500.0,6900.0,b2lwsq5a2k
k2viui78bw,2019-01-25 21:00:38,2019-08-29 20:38:10,,-2600.0,9400.0,74615y5txt
0m35z2rudm,2019-11-10 10:36:36,,quarter,-1300.0,2000.0,ddhy2j8p7m
lpdhwv8goy,2019-02-28 17:36:23,2019-12-21 03:47:36,half-year,2300.0,8000.0,8yse6xqsn4
7etvirw9pb,2019-10-16 19:01:53,,quarter,3100.0,8600.0,bfqahwxjqi
3u6xixua04,2020-02-19 05:17:19,2020-04-24 12:10:48,quarter,-700.0,7900.0,2yl4aufuzr
07sj5ugu12,2020-02-06 06:45:47,2020-11-04 14:02:35,month,-3600.0,2600.0,zlrrc7wd6g
o3d7g2dx4h,2019-08-22 09:36:02,,week,1500.0,1900.0,v8oet86pvt
xxhq5j1vp3,2019-10-25 11:28:13,2020-03-03 16:56:04,year,-3000.0,3300.0,u8ypvbc7ak
mlrog94nl7,2019-10-17 07:46:53,2020-03-11 03:20:40,month,100.0,3700.0,9gc1f29w08
k4r5z014tm,2020-05-27 22:49:13,2020-07-04 05:26:22,half-year,1000.0,6100.0,e7wla6wnt3
93jg16mn8g,2019-11-20 21:12:36,,week,2500.0,9900.0,deyln96494
74gt0hiysk,2019-06-21 10:32:42,2020-05-18 18:55:45,,3500.0,9000.0,g4bwbioyen
9t7bbx78tu,2019-08-11 05:53:52,2020-03-21 22:17:10,week,1200.0,3900.0,xv3i7fqggr
80a8ffy9yj,,2019-09-17 13:16:54,,900.0,7600.0,xlvrl449oc
2gn2om4sl9,2019-03-05 20:36:54,2020-01-14 08:39:43,,-700.0,2000.0,urodurflg3
imrzwv662l,2020-03-23 10:56:22,2020-08-20 16:48:38,month,3500.0,4500.0,jvt053bfu6
o5smpxj1x1,2019-10-16 05:56:51,2020-05-21 09:25:18,year,-3300.0,2800.0,2rkymfi845
2ustyj1gqp,2019-06-16 05:59:45,2020-09-10 19:07:00,week,-4000.0,6700.0,zo2c63ut26
jxq68q34y7,2019-04-02 19:26:43,2019-08-19 18:27:03,half-year,-500.0,3000.0,ewu5luxucm
yid45ny12s,2019-07-14 00:07:30,2020-03-31 17:16:10,,-400.0,7900.0,ra2cent72s
4a8xzxgtx4,2019-12-04 02:39:49,2020-11-15 04:56:05,week,-4400.0,5200.0,f6bt6nx7dy
87tfo8qarr,2019-03-08 16:50:00,2020-11-28 14:31:57,,700.0,4000.0,2ocuuskl9r
crm69x82by,2019-04-18 23:49:24,,half-year,2500.0,5600.0,ic7yz9bmvw
nsdfbw5wuz,2019-05-15 01:51:26,,week,-1400.0,8000.0,zeei0t90j1
3fnplcuj72,2019-03-06 08:59:19,2020-06-13 08:24:56,month,-700.0,6600.0,k6hdfevruu
poz0cu2qto,2019-01-24 09:28:30,2020-07-19 12:23:47,quarter,-4500.0,4600.0,m65a2gr5mg
b3au0w7gkx,2019-10-04 12:17:40,2020-04-27 06:14:42,week,5000.0,7300.0,jioaxlotsi
ocq8c5jdwu,2019-05-08 06:27:25,2020-06-07 18:11:46,,-1100.0,6000.0,ct20q9wu8k
18mktgb6dy,,2020-07-03 05:38:35,,-500.0,9700.0,t4o7bpaz3c
xkkifempzb,2019-03-30 12:26:21,,quarter,2600.0,3700.0,w382xmxxta
wv9hk9lfb7,2019-10-06 16:50:04,,week,4000.0,7500.0,8yse6xqsn4
a9cfyt8wsq,2019-10-18 06:33:47,2019-12-29 10:20:02,month,5000.0,7300.0,ddhy2j8p7m
awu9m0i7k0,2019-01-17 20:33:04,2020-02-23 10:30:29,quarter,4500.0,1700.0,fe10c5044i
q3t1nciz9r,2020-01-10 07:25:16,2020-06-03 12:34:59,half-year,1500.0,9100.0,yw1xxvaacy
k4xwltjcdb,2020-01-27 05:44:15,2020-12-24 04:07:00,year,2800.0,300.0,wk6nutcp7p
khgd8msisq,2019-12-23 22:56:02,2020-12-09 08:00:08,month,4500.0,7000.0,tm2tjgb5ph
ecugo5u4vb,2020-02-28 00:59:38,2020-07-01 08:53:37,week,-2400.0,3100.0,erair5vfrx
6nqe0u1ux0,2019-10-23 05:46:31,2020-03-11 17:28:49,quarter,5000.0,600.0,ppy5nbus8k
9e2rr392aq,2019-04-16 03:07:48,,year,4900.0,10000.0,6gxqbfri2r
ukd6jvbl3a,2019-08-29 23:32:32,,quarter,2400.0,100.0,yiya6c7c8k
xfd5unu7jl,2020-01-22 17:39:07,2020-03-02 23:52:49,half-year,-2600.0,4300.0,2q1kk2sw4c
jphxwjjlst,2019-03-31 06:05:25,2020-10-04 19:42:28,year,-2500.0,10000.0,3qq9ykph7k
xqm30fghi7,2019-02-13 22:30:04,2019-08-02 00:59:23,month,-1100.0,3400.0,adezwrh8py
25r6a90fnb,2019-07-19 05:57:43,2019-08-14 11:24:13,half-year,4700.0,1500.0,krtzxppm0i
8msam151gq,2019-11-28 00:43:31,2020-02-11 18:24:38,month,800.0,5300.0,fps6ob0f7o
4vqstrdoq5,2020-02-07 08:24:20,2020-05-24 22:35:28,week,1300.0,8400.0,0qaxic6n2r
ijzst93p9i,2020-09-04 20:42:58,2020-11-27 01:25:47,year,-3200.0,2300.0,h0zv4alliy
znuvkinbgb,2019-11-30 09:53:31,2020-10-01 08:52:57,,800.0,6900.0,fpibm5mhss
r91g6fwofn,2020-06-25 05:05:44,2020-09-05 02:01:50,week,-3900.0,300.0,4ogau2kzym
0by6l5ginu,2019-12-22 21:32:14,2020-03-27 05:20:04,,-4900.0,900.0,f0680hf3ul
hn17jotk7d,2020-03-07 10:56:58,2020-08-29 22:25:13,quarter,-2600.0,700.0,pt0zvxh3i0
rulc6yb4ld,2019-11-20 09:05:39,2020-05-23 11:17:33,month,4300.0,7800.0,9nck718xu1
i9y8vxdm3d,2020-04-29 07:16:29,2020-06-19 11:08:32,,3300.0,5800.0,nd59fieoek
73mnsaan8v,2019-04-06 11:32:10,2020-01-21 21:05:53,,2000.0,1200.0,5v8e22wh2w
ymymzbf0uc,2020-05-13 02:09:01,2020-12-11 12:08:10,week,-600.0,4200.0,8jg5jz175u
sp0hc1xmqf,2019-11-26 12:43:28,,quarter,2000.0,4000.0,tn53ls784x
8rjlmsvm7o,2019-06-05 21:49:41,2020-07-05 10:28:23,month,-2300.0,5800.0,qiiiow492w
zqcvt39emi,2019-03-03 10:01:31,2020-02-14 19:21:25,month,-300.0,6600.0,zi9t0z8d28
xwrhjahyzm,2020-11-06 23:03:55,2020-12-31 19:51:13,week,-2600.0,9200.0,49vjcnpuhk
owmr1lj6x9,2019-07-11 12:16:45,2020-11-05 01:30:54,,600.0,4200.0,v2zeufvutu
shp6rr3ajy,2019-11-30 13:06:52,2020-09-13 05:14:13,quarter,-700.0,1700.0,eacs7eodq4
l1q7jx3zfa,2019-09-24 01:58:43,2020-01-04 05:30:33,week,3100.0,9500.0,17ksxa4xj9
zpwcn0kxrc,2019-10-12 10:20:10,,week,600.0,3100.0,fu6e6nsh3k
2m6r8f4vxe,2019-01-31 17:44:40,2020-03-28 05:44:03,week,-4100.0,4100.0,ghpfgx96ey
2cpphtdf0j,2019-12-09 17:05:35,,quarter,1900.0,3600.0,usjeya75od
p53vo37rnp,2019-10-28 00:07:37,2020-09-06 23:43:06,half-year,2300.0,6900.0,uknoi9qw9n
gltylvpb03,2020-03-27 12:40:02,2020-04-09 05:50:29,week,700.0,8000.0,fexw0vi18k
xjp4hxf13d,2019-03-04 13:37:48,2019-06-21 18:26:11,week,1800.0,3200.0,gd62rc4ovo
tyyg0r711c,2019-09-09 14:40:44,2020-12-13 07:45:41,half-year,2500.0,300.0,6tjb56zorf
nflq3t0k20,2020-05-02 03:08:54,2020-12-08 22:03:52,year,1400.0,400.0,1hk2r8pgpp
vszkmkbc5j,2019-09-14 03:56:48,2020-02-04 03:43:24,week,1300.0,7300.0,rrxpdr79sn
enbkhj8tfm,2020-01-06 10:18:02,2020-05-14 03:31:57,week,600.0,5500.0,ic6yky3cq3
manknlmik4,2019-07-30 17:14:50,2020-12-07 18:47:44,month,-2600.0,7300.0,9u1m1a0pxj
alw4qs7d3o,2020-03-21 10:57:10,,week,3900.0,7100.0,rgoptornlx
9wldaw2fe8,2020-03-29 20:13:34,2020-05-21 13:00:42,year,700.0,1400.0,ef7ceoicta
705w7awsb8,2019-07-29 05:19:49,2020-01-15 08:49:21,half-year,900.0,7600.0,k1ozwr09y3
r0ccw2lk95,,2020-08-09 13:00:55,,-1000.0,8900.0,tsth0gysra
dgevbd96es,2019-07-23 23:57:14,,half-year,3600.0,700.0,wotap0h16b
zwgsg12tjh,2019-09-06 22:37:16,,week,1500.0,2400.0,h4aod2pgez
8ngn8xmvh7,2019-08-06 22:33:40,2020-09-03 05:16:25,quarter,-1200.0,2100.0,1kck1ev84v
d0hp202qfo,2019-01-05 19:21:33,2019-10-03 06:59:57,,-2700.0,9900.0,kcjujsrp89
wc80p83x7h,2020-01-23 03:22:22,,quarter,1800.0,2600.0,wgz1tb9jwt
lpkfckao8d,2019-08-09 21:45:50,2020-05-02 20:02:58,half-year,-4900.0,8800.0,dsc2oobaw1
lcb4466508,2019-05-05 03:33:56,,quarter,-1300.0,2600.0,lfujz4gp4b
wxpe7wn2so,2019-06-05 01:26:23,2020-09-14 18:28:45,year,-2500.0,8800.0,nai75ty88e
8hv2sxy729,2019-06-27 02:57:40,,year,-4900.0,5200.0,xy2p7j6gy1
3krwxef2tj,2019-09-23 08:16:36,2020-07-08 19:11:40,,-2700.0,3800.0,n7gbzg8xoj
tt0xndjmo2,2019-01-07 18:43:48,2020-09-16 20:35:25,half-year,3200.0,200.0,x7ezbkifby
mrok2p7s8t,2019-12-12 20:58:32,2020-11-11 08:39:45,month,1800.0,5900.0,jwxssu5z1k
qubemkzg2s,2019-02-17 14:47:43,2020-06-24 00:18:09,year,-1500.0,2500.0,zcwc4omusm
d06tpl42q5,2019-01-09 11:00:10,,week,3700.0,3900.0,py6u3kntiv
3k2caeoga2,2019-03-14 09:04:19,2020-12-15 07:50:57,year,-3900.0,8700.0,508ibizhh6
pvsv4nj1p6,2020-05-31 10:51:03,2020-08-08 05:55:06,,0.0,8800.0,bfqahwxjqi
zdl1yts2e2,2019-05-05 12:16:45,2020-07-07 20:09:12,week,1700.0,3400.0,8vzjln04gj
idgatoh4vt,2020-06-22 04:23:53,2020-07-01 04:31:39,half-year,-3300.0,3600.0,e39k0y5cvd
eofz754av0,2019-01-28 16:07:14,2019-02-22 06:05:28,quarter,4400.0,5500.0,195vebkf19
sgrx5v6512,2019-11-26 04:47:46,2020-11-06 13:31:59,week,-2700.0,7800.0,h4aod2pgez
intlpzwya5,2019-05-26 11:44:10,,year,-1700.0,1900.0,wa7okl6kr1
tplpmbpjek,2019-06-26 12:41:59,2020-03-02 02:32:11,,-4700.0,8600.0,4mmszdexal
0pvgx43c4m,2019-06-02 11:41:33,2020-05-06 01:07:55,,-600.0,300.0,ggva0fglfz
1vn5nsgzrh,2019-08-28 10:58:16,2019-10-03 16:19:29,week,0.0,8400.0,j61lx1ywn5
8x85hm1t35,2020-06-14 11:40:53,2020-06-25 06:38:10,week,1000.0,8800.0,e1ns804yob
0jt1z1ecii,2020-08-01 17:26:43,,week,2500.0,1000.0,l2qlcxsvro
2xbtloitrn,2019-03-30 12:28:55,2019-10-11 21:51:53,,4800.0,3000.0,s1s340nnan
id17ger6gs,2019-04-25 06:21:20,2019-08-26 04:37:36,week,1100.0,9000.0,udfmaf0rnh
4076zltg7z,,2020-11-10 07:27:03,,3100.0,5900.0,he06obafcj
htn21jljdg,2019-02-07 18:40:58,2019-08-14 15:24:29,,1200.0,6600.0,1ah65r9toh
pf1eihu5qx,2019-04-15 02:01:03,,quarter,3300.0,7300.0,dfx4pf5fxw
x3zwgmvcir,2019-01-06 20:28:35,2020-01-19 04:25:00,half-year,3300.0,9400.0,l26uw2o289
vtql2nh1y8,2019-08-16 22:45:55,2020-10-20 12:46:29,quarter,3800.0,5400.0,538kh6meu2
ct9nhsam2c,2019-02-19 02:54:36,,week,-3400.0,4600.0,7olpzseuat
tnrz1ql0fc,2019-03-06 08:07:03,,year,1700.0,700.0,ab6bj38xnf
2zrlc0ccan,2020-03-02 08:33:45,,week,-4300.0,6300.0,9brupbdcbo
r6cf0y677f,,2020-10-21 10:50:30,,3800.0,6300.0,qq122000qg
t96inlsprj,2019-12-05 08:48:01,,week,-1000.0,2600.0,kf9wtlmh5b
tqrtygezkx,2019-07-08 11:17:31,2019-11-17 22:04:23,quarter,500.0,1800.0,vywum7t5md
y3qozd1ch4,2019-06-01 10:28:08,2019-11-26 14:04:15,week,-2300.0,8900.0,ilmnvv974o
ry6j0ttfcj,2020-07-08 11:49:42,2020-07-21 09:04:51,month,-2700.0,4700.0,omfieaf7me
12nd6ns6qy,,2019-11-26 20:10:02,,2000.0,6300.0,dhjjyb01vp
gcdptod98t,2019-04-06 19:17:58,2020-11-10 10:22:32,year,-4800.0,3300.0,urodurflg3
o9aqoe0k72,2019-04-21 14:22:42,2020-06-23 03:47:13,half-year,-1600.0,4800.0,kgd42zixzd
ku4dv38bdd,2020-08-13 01:25:29,,quarter,1800.0,4600.0,i7h02wt4g2
0yhp21m7n7,2020-04-10 01:37:32,2020-09-17 00:38:44,month,-1400.0,7400.0,j4qho03xqq
rhbgc2p43w,2019-10-26 13:53:13,2020-11-11 01:31:00,quarter,-3300.0,200.0,5g74nzpfpo
n31dbew1yz,2020-07-07 16:28:45,2020-10-25 21:24:11,half-year,-1400.0,9700.0,99z5k15864
qppk12dnsd,2020-02-12 15:22:29,2020-10-19 08:39:01,week,600.0,3900.0,s1s340nnan
v228gdrbr0,2019-04-14 11:31:41,2019-07-02 11:55:51,week,3500.0,1700.0,jbxnjp0uo6
4z5ff7jws8,2019-06-07 14:22:53,,month,2900.0,8700.0,oio93csm8m
pqeh7tw1bo,2020-08-17 04:56:28,,week,3900.0,9400.0,tsth0gysra
6n2ozhneja,2019-12-16 10:11:18,2020-01-10 14:07:05,week,-300.0,5000.0,vcukul56lg
4ua1h3b9uj,2019-12-24 11:46:53,,quarter,-3700.0,1200.0,3p7l9me8kd
kgatqtpv6y,2019-06-28 10:39:04,2020-05-12 15:30:19,half-year,-3400.0,1500.0,fkc04lod5n
lrigu5yz9c,2019-11-27 03:20:56,,month,-3900.0,7800.0,jsmg13vykv
u7sorbpaup,2019-07-02 15:18:00,,month,2600.0,8300.0,jioaxlotsi
jn413cncrf,2020-03-19 10:07:45,,quarter,-1600.0,3100.0,g4ysz6gmzv
gxbdk50os6,2019-12-15 14:41:07,2020-08-04 01:23:08,quarter,200.0,5000.0,ozak8dktie
lrpan5bv7x,2020-01-05 08:03:56,2020-05-19 03:32:08,week,-4000.0,3000.0,m24moetid1
2bmtfrdg0w,2019-07-20 14:05:49,2020-04-03 18:04:07,quarter,4500.0,5800.0,gd62rc4ovo
br5kna9p4g,2019-02-07 03:11:43,2020-09-13 02:11:22,quarter,-1300.0,8800.0,qpusng7824
edirxqfkwu,2020-01-25 18:45:11,,month,-3600.0,1600.0,31gtaivovi
fk2blw3h15,2019-10-22 12:42:23,2020-09-10 06:43:35,month,1100.0,6600.0,kauvnb9099
uyfy2b78xw,2019-05-06 10:52:25,2019-11-01 05:28:26,week,1600.0,1800.0,ic7yz9bmvw
oaihuo2u07,2019-07-19 03:14:00,2019-08-25 19:21:50,quarter,2800.0,3300.0,ioq5tjrnfi
dbh7bcvk2u,2020-02-15 06:54:20,2020-03-18 21:20:06,year,2900.0,7800.0,z95g49wvga
5ytor4puwf,2019-01-13 04:22:05,,week,-2300.0,8500.0,6k6r7tw4ll
y5iugrgx4j,2019-08-06 06:26:31,2020-05-26 09:17:06,year,-1400.0,4000.0,5g8ky2uefe
y1xhqatbn5,2019-12-16 15:44:31,2020-02-06 07:46:58,half-year,-1400.0,1600.0,1dwvu23ci8
1pu8mn3flk,2020-01-28 01:36:39,,quarter,-800.0,7800.0,th1ap3lcr3
6sd3l2211i,2019-02-14 08:54:49,2019-12-20 15:37:26,year,-4000.0,3100.0,r5m2m5eerp
dqhrq4kirm,2019-01-01 08:56:43,,year,-1100.0,7700.0,voj7tdmr0q
9s2voobkw1,2019-10-02 22:20:18,2019-11-18 14:57:25,half-year,-2200.0,7500.0,r0rdas9ub8
2davuqewzz,2020-03-29 03:03:33,2020-10-29 18:43:38,year,3900.0,1000.0,fkc04lod5n
ta5vygzqr2,2019-02-21 20:27:53,2019-12-04 05:29:36,month,-1900.0,7700.0,xkat7kjln8
n3780qcm3f,2019-12-07 18:30:15,,month,1100.0,6100.0,pfo1usbe3r
y1gi88b46h,2019-06-19 06:36:39,2020-11-18 22:11:08,year,-300.0,9000.0,ohzvdph4pp
6moafcispy,2019-09-10 09:38:11,,year,-600.0,7600.0,kkvtu98svn
0elg9rhivy,2020-03-06 05:15:00,2020-06-22 01:13:20,,-2700.0,9100.0,el07hh4p9d
1ie9pszbnn,2019-11-14 17:47:26,,quarter,-2200.0,2100.0,6dbg4l3blq
hs8m1a0tef,2019-05-10 10:19:12,2019-08-03 06:40:20,,-200.0,1200.0,24nlwpf85n
mwx1fkrzcq,2019-12-07 16:54:38,2020-01-31 15:59:12,,3400.0,3800.0,1f2wbibdr1
90jbxhqmvi,2019-04-04 08:57:41,2019-07-20 15:24:16,year,700.0,4300.0,j1id6b8pn4
8hu4oixqsx,2019-04-23 04:19:11,2020-07-02 17:40:58,month,-300.0,4000.0,4935r6hqp7
1jef0xcxxc,2020-03-09 23:27:50,2020-03-27 20:01:16,half-year,600.0,8200.0,f6bt6nx7dy
f2r333dz4l,,2020-04-13 06:17:02,,-700.0,6100.0,bpp54v7lup
f62c63k713,2020-03-18 23:53:18,2020-07-20 10:14:42,year,-4000.0,9100.0,b2lwsq5a2k
k7i3i43vsr,2019-10-21 22:05:48,2019-12-19 06:34:20,half-year,-1000.0,4200.0,kiiz700liu
kfvvm400hw,2019-09-17 21:34:22,2020-02-21 18:33:24,half-year,-1500.0,8700.0,3cpfl0r4wn
qahla3ajqr,,2020-08-13 10:43:42,,800.0,3500.0,tzl0qzywnr
cx0joqwox0,,2019-04-19 19:58:11,,400.0,3000.0,wa32u7uowp
a1oxh9iy79,2019-05-20 05:38:48,2019-07-23 15:26:26,quarter,3100.0,5400.0,t37dmq3ebm
hpq3jq2wcz,2019-08-17 11:08:25,2020-05-20 16:22:49,half-year,-300.0,4900.0,910496k6sv
d5sxxpa54f,2020-01-08 01:51:11,2020-09-03 10:09:02,half-year,200.0,700.0,7j0noxzftu
3ssa7jo2xx,2019-05-09 13:01:50,,year,100.0,9000.0,1nsdcvxiqk
whsfdf7ro1,2019-09-09 21:51:20,,week,800.0,9600.0,jf4t5i947g
6qtwk4pdtj,2019-02-19 17:18:13,,week,-300.0,6200.0,wal2vxom6b
crnm9usrxa,2019-02-13 13:14:53,2020-08-02 17:30:57,week,-4500.0,3000.0,7wmpjotjl9
z7f1amnhbc,2019-04-01 10:19:35,2020-04-11 08:43:38,,3400.0,7900.0,rs2xikhhyz
2wndtjvk0x,2019-07-17 14:47:41,2019-11-13 08:00:49,month,-1400.0,8200.0,daosnbtho1
j570e2790g,2019-04-08 12:05:19,,half-year,-3800.0,8100.0,kypbzofwbv
fyewjo8sax,2019-01-04 23:38:07,2019-03-30 08:28:30,month,3300.0,5300.0,eiqzi6s0el
ih1unq7x8z,2019-11-21 01:29:17,,half-year,3100.0,2700.0,qfu6br1inr
pfsm8l5tl6,2019-01-21 19:54:47,2019-10-26 09:08:30,quarter,1300.0,7700.0,m8t5lrlmbv
